Year,Month,1,2,3,4,5,6,7,8,9,10,11,12,13,14,15,16,17,18,19,20,21,22,23,24,25,26,27,28,29,30,31
1981,1,0,0,0,0,0,0,0,30,1,0,0,0,0,0,0,0,0,0,0,0,0,0,0,0,0,0,0,0,0,0,0
1981,2,0,0,0,0,0,0,0,0,0,0,0,0,0,0,0,0,0,0,0,0,0,0,0,0,0,0,0,0,,,
1981,3,0,0,0,0,0,0,0,0,0,0,0,0,0,0,0,0,0,0,0,0,0,0,0,0,18,3,0,19,0,0,0
1981,4,0,0,0,0,0,0,0,0,0,0,0,0,23,0,0,10,59,47,25,26,29,0,0,0,0,0,0,0,0,0,
1981,5,0,0,0,0,0,0,0,0,0,0,0,0,3,5,4,12,3,18,0,46,0,9,5,0,0,3,4,1,82,36,9
1981,6,7,0,0,42,25,63,59,0,0,0,0,0,21,5,1,0,0,9,0,19,73,56,38,27,5,14,69,2,93,77,
1981,7,52,82,8,74,16,10,25,3,32,17,9,26,41,30,58,94,25,0,27,3,1,3,10,1,0,25,46,30,13,68,10
1981,8,4,0,0,0,3,0,0,26,38,20,64,6,9,19,18,55,12,21,0,0,0,39,37,21,4,25,0,11,1,0,12
1981,9,45,68,4,15,20,177,37,3,7,1,0,33,0,0,0,0,0,17,0,0,0,0,0,0,0,5,4,1,0,1,
1981,10,20,12,0,0,0,0,0,5,0,0,0,0,0,0,17,7,0,0,0,0,0,0,0,0,0,0,0,0,0,0,0
1981,11,0,0,0,0,0,0,0,0,0,0,0,0,0,0,0,0,0,0,0,0,5,0,0,0,0,0,0,0,0,0,
1981,12,0,0,0,0,0,0,0,0,2,0,21,6,0,0,0,0,0,0,0,0,0,0,0,0,0,0,0,0,0,0,0
1982,1,0,0,0,0,0,0,0,0,0,0,0,0,0,0,0,0,0,0,0,0,0,0,0,0,0,0,0,0,0,0,0
1982,2,0,0,0,0,0,0,0,0,8,0,0,0,0,0,14,0,0,0,0,0,0,0,0,0,0,0,0,0,,,
1982,3,0,0,0,0,0,0,0,13,0,0,0,0,0,0,0,0,0,0,0,0,0,0,0,0,0,0,0,0,0,0,0
1982,4,0,0,0,1,0,0,0,0,0,0,0,0,0,14,0,12,20,0,13,0,0,22,0,0,26,15,0,0,0,0,
1982,5,0,0,0,0,0,10,0,0,0,0,0,2,0,0,0,0,0,0,0,0,0,0,0,0,0,14,0,0,0,0,0
1982,6,0,32,0,0,2,15,0,0,3,17,49,10,3,29,34,12,91,93,76,21,69,0,10,211,193,73,120,33,1,2,
1982,7,12,26,5,0,0,0,0,0,1,0,32,1,0,21,9,0,0,0,0,1,8,30,58,52,74,104,119,12,28,57,216
1982,8,1,36,61,2,1,87,92,50,73,52,0,0,0,33,49,6,0,0,5,31,0,0,38,82,62,0,0,6,13,68,2
1982,9,0,2,3,15,7,2,10,0,57,11,8,0,6,0,35,107,0,0,0,83,0,0,0,0,3,1,19,29,62,23,
1982,10,0,0,0,0,3,0,0,0,0,0,0,0,0,0,0,0,0,0,0,0,0,0,0,0,0,0,0,0,0,0,0
1982,11,0,0,0,0,0,0,0,0,0,0,0,30,89,0,0,0,0,0,0,0,0,0,0,0,0,0,0,0,0,0,
1982,12,0,0,0,0,0,0,0,0,0,0,0,0,0,0,0,0,0,0,0,0,0,0,0,0,0,0,0,0,0,0,0
1983,1,0,0,0,0,0,0,0,0,0,0,0,0,0,0,0,0,0,0,0,0,0,0,0,0,0,0,0,0,0,0,8
1983,2,0,0,0,0,0,0,0,0,0,0,0,1,0,0,0,0,0,0,0,0,0,0,31,0,0,11,4,0,,,
1983,3,0,0,0,0,0,0,0,7,0,0,0,0,0,0,0,0,2,0,0,9,0,0,1,0,0,0,0,0,0,0,0
1983,4,0,0,0,0,0,0,0,0,0,16,0,34,7,16,8,0,0,0,0,0,0,0,0,17,22,3,0,0,0,0,
1983,5,32,16,50,1,47,0,0,0,0,0,2,0,0,0,0,0,0,6,0,4,2,17,47,0,10,0,0,0,27,0,0
1983,6,10,1,62,87,6,1,0,20,4,0,0,0,30,32,95,30,96,6,37,51,0,0,2,0,2,15,60,42,23,9,
1983,7,13,121,120,79,77,14,50,5,0,0,0,0,0,6,0,0,21,4,7,3,47,106,69,46,27,43,57,41,31,25,15
1983,8,38,148,70,130,65,41,0,16,0,1,31,3,0,11,0,0,0,4,5,12,13,31,155,7,15,32,11,21,26,2,0
1983,9,0,0,0,20,26,29,66,0,0,0,10,2,17,4,16,73,41,31,5,1,1,4,0,0,1,0,0,0,0,0,
1983,10,0,0,0,0,0,74,108,47,0,3,0,5,0,0,22,107,2,0,0,2,2,7,0,0,0,0,0,0,0,0,0
1983,11,0,0,0,0,0,0,0,6,67,144,0,0,0,56,5,0,4,7,0,0,0,0,0,0,1,0,0,0,0,0,
1983,12,0,0,0,0,0,0,0,0,0,0,0,0,0,0,0,0,0,0,0,0,0,0,0,0,0,0,3,41,0,0,0
1984,1,0,0,0,0,0,0,0,0,0,0,0,0,0,0,0,0,1,2,0,0,0,0,0,0,0,0,0,0,0,0,0
1984,2,0,0,0,0,0,0,0,0,0,0,0,0,0,0,0,0,0,0,0,0,0,0,0,0,0,0,0,0,0,,
1984,3,0,0,0,0,0,0,0,0,0,0,0,0,0,0,0,0,0,0,0,0,0,0,0,0,0,0,0,0,0,***,0
1984,4,0,0,0,0,0,0,0,0,0,0,0,0,0,0,0,0,0,0,0,0,0,0,0,0,33,28,0,0,5,0,
1984,5,14,43,0,0,0,0,0,25,78,15,1,6,5,68,10,50,0,0,0,0,0,0,0,0,0,0,0,0,14,0,0
1984,6,55,14,121,63,36,0,2,0,2,0,0,0,8,50,12,50,42,126,178,54,145,40,135,37,17,55,6,9,18,0,
1984,7,6,6,6,3,1,54,8,35,58,33,69,61,23,86,39,21,0,1,19,4,3,67,30,41,3,23,1,0,0,30,0
1984,8,3,22,108,28,81,5,7,0,108,53,2,2,11,1,9,28,14,3,6,5,36,7,5,50,115,32,20,7,24,10,15
1984,9,1,12,5,34,92,48,0,10,3,0,0,65,10,0,0,0,0,0,0,0,0,0,0,0,0,0,0,0,0,0,
1984,10,0,11,2,5,7,0,0,0,0,0,0,32,4,13,0,0,0,6,0,9,35,3,0,0,0,0,0,0,0,0,0
1984,11,0,0,0,0,0,0,0,0,0,0,0,0,0,0,0,0,0,0,0,0,0,0,0,0,0,0,0,0,0,0,
1984,12,0,0,0,0,0,0,0,0,0,0,0,0,0,0,0,4,0,0,0,0,***,0,0,0,0,0,0,0,0,0,0
1985,1,0,0,6,0,0,0,0,0,0,0,0,0,0,0,0,0,0,0,0,0,0,0,0,0,0,0,0,0,0,0,0
1985,2,0,0,0,0,0,0,1,0,0,0,0,0,0,0,0,0,0,0,0,0,0,0,0,0,0,0,0,0,,,
1985,3,0,0,0,0,0,0,0,0,***,0,0,0,0,0,0,0,0,0,0,0,0,0,0,0,13,***,0,0,0,0,0
1985,4,0,0,0,***,***,0,***,0,20,***,0,0,0,***,***,***,32,***,***,***,0,0,0,0,0,0,0,16,0,0,
1985,5,90,0,13,11,42,51,8,0,0,0,0,0,1,0,0,52,0,0,0,0,0,1,10,6,172,5,8,4,0,0,0
1985,6,0,11,0,17,1,29,***,89,7,8,3,8,16,34,98,***,53,0,5,6,4,5,***,2,8,3,***,96,96,53,
1985,7,***,12,13,14,***,42,38,45,174,137,17,0,0,122,***,10,1,8,16,13,2,38,6,4,26,36,8,12,0,3,10
1985,8,0,9,0,14,8,5,73,24,***,0,0,0,0,***,3,3,2,16,49,54,4,130,50,***,15,56,12,2,0,0,1
1985,9,5,107,12,35,0,0,0,0,4,0,5,0,0,0,8,0,2,0,1,2,0,0,6,7,12,35,17,1,0,0,
1985,10,0,0,0,0,0,0,0,0,0,0,17,0,0,0,***,9,23,0,***,***,11,0,0,0,0,1,0,0,0,0,0
1985,11,0,0,0,0,0,0,0,***,***,0,0,0,0,0,0,0,0,97,96,156,1,0,0,0,0,0,0,0,0,0,
1985,12,0,0,0,0,0,0,0,0,0,0,0,0,0,0,0,0,0,0,0,0,0,0,0,***,0,0,0,0,0,0,0
1986,1,0,0,0,0,0,0,0,0,0,0,0,0,0,0,0,0,0,0,0,0,0,0,0,0,0,0,0,0,0,0,0
1986,2,0,0,0,0,0,0,0,0,0,0,0,0,0,0,0,0,0,0,0,0,0,0,0,0,0,0,0,0,,,
1986,3,0,0,0,0,0,0,0,0,0,0,0,0,0,0,0,0,0,0,0,0,0,0,0,0,0,0,0,0,0,0,0
1986,4,2,0,0,0,0,0,0,0,0,5,0,0,0,0,0,0,0,0,0,9,14,2,0,0,0,7,2,10,0,0,
1986,5,0,0,0,0,7,13,24,2,7,0,0,0,0,3,10,15,3,16,0,0,0,0,0,0,0,0,28,0,2,0,11
1986,6,7,16,0,0,0,0,0,0,16,0,0,18,0,2,2,17,48,0,5,10,83,33,12,25,125,79,69,120,178,56,
1986,7,9,24,1,4,2,51,54,89,21,9,54,69,2,0,16,0,0,2,9,33,2,58,34,13,80,82,65,8,3,0,5
1986,8,0,2,1,1,1,17,2,0,0,0,7,2,54,47,8,3,7,0,0,5,30,20,15,16,51,8,1,0,10,17,3
1986,9,41,41,17,3,2,0,12,11,1,8,7,3,0,2,0,0,0,50,4,0,8,52,3,0,6,24,15,3,0,9,
1986,10,11,0,0,2,5,24,34,30,64,60,0,0,0,0,3,0,0,0,0,0,0,0,0,0,0,0,0,0,0,0,0
1986,11,0,0,0,0,0,0,0,14,38,62,0,0,0,0,0,0,0,0,0,0,0,0,0,0,0,0,0,0,0,0,
1986,12,0,0,0,0,0,0,0,0,0,0,0,0,0,0,0,0,0,0,0,0,0,0,0,0,0,0,0,0,0,0,0
1987,1,0,0,0,0,0,0,0,0,1,0,0,0,0,0,0,0,0,0,0,0,0,0,0,0,0,0,0,0,0,0,0
1987,2,0,0,0,56,4,0,0,0,0,0,0,0,0,0,0,0,0,0,0,0,0,0,0,0,0,0,0,0,,,
1987,3,0,0,0,0,0,0,0,0,0,0,0,8,1,0,0,0,0,0,0,0,0,0,0,0,0,0,0,0,0,0,0
1987,4,0,0,0,0,0,0,0,0,0,0,7,3,44,0,0,0,0,0,0,0,0,0,3,3,65,35,3,0,0,31,
1987,5,14,1,0,3,0,0,0,3,0,0,0,0,0,0,0,0,0,0,0,0,0,0,0,0,28,1,0,0,0,0,0
1987,6,0,0,4,15,110,34,0,0,0,1,68,83,16,9,1,***,***,***,***,***,34,101,4,0,1,0,0,1,0,1,
1987,7,4,2,133,70,32,49,71,65,19,137,128,56,70,71,96,159,147,2,6,25,3,20,19,2,172,87,22,56,122,21,19
1987,8,70,54,0,0,5,17,15,0,33,0,7,18,1,9,1,0,9,8,98,84,71,12,0,15,30,271,200,191,46,32,1
1987,9,7,15,17,12,7,0,0,0,0,0,3,17,2,0,0,0,3,0,3,0,8,180,12,55,12,36,18,2,1,0,
1987,10,3,1,0,0,0,7,0,2,0,0,22,0,0,0,0,8,0,0,0,0,10,25,0,0,0,0,10,0,0,0,0
1987,11,0,0,0,0,0,0,0,0,0,0,0,0,2,16,36,47,1,0,0,0,0,0,0,0,0,0,0,0,0,0,
1987,12,0,0,0,0,0,0,0,6,0,0,0,0,0,7,0,0,0,0,0,0,0,0,0,0,0,0,0,0,0,0,0
1988,1,0,0,0,0,0,0,0,0,0,0,0,0,0,0,0,0,0,0,0,0,0,0,0,0,0,0,0,0,0,0,0
1988,2,0,0,0,0,0,0,0,0,0,0,0,0,0,0,0,0,0,0,0,0,0,0,0,0,1,0,0,0,0,,
1988,3,0,0,0,0,0,0,0,0,0,0,0,0,0,0,1,0,0,0,0,0,0,12,0,0,0,0,0,0,0,0,0
1988,4,0,0,0,0,0,0,0,0,0,0,0,0,0,0,44,114,0,5,0,3,0,0,0,0,0,0,0,0,1,0,
1988,5,40,3,10,0,0,0,0,0,0,0,0,0,11,8,1,0,23,2,2,60,8,9,45,2,0,0,0,0,0,1,112
1988,6,8,0,48,78,11,1,14,41,29,21,50,25,121,62,19,26,127,0,0,3,14,1,26,94,65,42,164,161,52,3,
1988,7,1,26,37,30,22,9,39,117,57,60,0,21,3,10,0,0,0,3,11,2,1,11,108,22,115,38,28,0,0,0,6
1988,8,20,29,131,60,69,139,19,4,78,31,32,25,13,0,14,71,8,2,15,3,6,20,23,39,23,7,4,4,11,6,12
1988,9,15,54,55,27,30,119,30,47,6,2,0,1,5,17,9,4,5,5,5,19,49,3,1,0,6,0,0,1,0,1,
1988,10,14,0,3,69,6,27,16,0,0,0,0,5,6,1,0,0,0,2,7,23,3,0,0,0,0,0,0,0,0,0,0
1988,11,0,0,0,0,0,0,0,0,0,0,0,0,0,0,0,0,0,1,35,0,0,0,0,0,0,0,0,9,3,35,
1988,12,76,0,0,0,0,0,0,1,0,0,0,0,0,0,0,0,0,0,0,0,0,0,0,0,0,0,0,0,0,0,0
1989,1,0,0,0,0,0,0,0,0,0,0,0,0,0,0,0,0,0,0,0,0,0,0,0,0,0,0,0,0,0,0,0
1989,2,0,0,0,0,0,0,0,0,0,0,0,0,0,0,0,0,0,0,0,6,0,0,0,0,0,0,0,0,,,
1989,3,0,0,0,0,0,0,0,0,0,0,0,0,0,0,0,0,0,0,0,0,0,0,0,0,0,0,0,0,0,0,0
1989,4,0,0,0,0,0,0,0,0,0,0,0,0,0,0,0,0,0,0,0,0,0,0,0,0,0,0,0,26,30,104,
1989,5,1,0,0,0,0,0,0,0,0,0,0,0,0,0,0,11,11,0,0,0,11,3,0,30,0,0,16,0,0,0,0
1989,6,0,0,3,1,6,3,10,18,0,0,0,0,87,86,65,154,1,19,9,50,58,73,1,3,61,21,0,3,5,29,
1989,7,24,61,55,40,1,8,57,46,0,2,0,106,48,22,1,1,10,2,15,0,0,0,1,1,12,17,18,39,132,56,90
1989,8,16,31,7,5,0,1,3,1,2,0,7,4,19,6,22,8,0,2,0,12,9,2,5,5,8,0,0,0,0,0,7
1989,9,59,2,0,16,93,32,4,0,2,1,0,6,54,10,0,3,0,0,0,0,0,8,5,11,11,63,34,43,3,0,
1989,10,0,0,55,0,0,27,0,12,43,97,15,17,0,0,0,1,4,16,58,0,0,54,8,28,13,35,33,0,0,0,0
1989,11,28,0,0,0,0,0,0,0,0,0,0,0,0,0,0,0,0,0,0,0,0,0,0,0,0,0,0,0,0,0,
1989,12,0,0,0,0,0,0,0,0,0,0,0,0,0,0,0,0,0,0,0,0,0,0,0,0,0,0,0,0,0,0,0
1990,1,0,0,0,0,0,0,0,0,0,0,0,0,0,0,0,0,0,0,0,0,0,0,0,0,0,0,0,0,0,0,0
1990,2,0,0,0,0,0,0,0,0,0,0,0,0,0,0,3,0,0,0,1,0,12,7,6,0,0,0,38,2,,,
1990,3,0,0,57,26,67,0,0,0,0,0,0,0,9,1,3,0,0,0,0,0,0,0,0,0,0,5,0,5,0,1,0
1990,4,0,63,18,36,9,0,0,0,0,0,0,0,0,0,0,0,0,0,0,0,0,0,0,4,0,0,0,0,5,0,
1990,5,0,0,1,0,0,0,0,0,0,0,0,0,0,6,137,50,17,0,1,0,0,0,0,0,0,0,11,28,0,9,1
1990,6,10,1,0,0,91,102,28,6,0,0,0,0,0,42,54,4,0,30,75,53,111,2,29,122,146,119,18,68,44,46,
1990,7,131,12,33,73,24,133,57,33,47,49,12,14,17,66,129,12,34,5,25,67,48,58,0,12,9,9,0,1,65,31,5
1990,8,44,8,0,0,4,23,3,0,2,0,0,11,1,0,1,6,26,11,0,0,5,7,6,18,28,53,4,1,8,0,7
1990,9,13,64,39,29,19,23,6,1,2,3,0,0,4,10,0,2,0,31,0,0,0,0,0,0,0,0,3,23,0,0,
1990,10,0,12,12,6,3,0,14,82,51,57,57,0,0,0,0,0,0,0,0,0,0,0,0,0,0,0,0,0,0,0,0
1990,11,0,0,2,12,173,0,35,26,7,0,0,0,0,0,0,0,0,0,0,0,0,0,0,0,0,0,0,0,0,0,
1990,12,0,0,0,0,0,0,0,0,0,0,0,0,0,0,0,0,0,11,7,1,0,0,0,0,0,0,0,0,0,0,0
1991,1,0,0,2,2,0,0,0,0,0,0,0,0,0,0,0,0,0,0,0,0,0,0,0,0,0,0,0,0,0,0,0
1991,2,0,0,0,0,0,0,0,0,0,0,0,0,0,0,0,0,0,0,0,0,0,0,0,0,0,0,0,0,,,
1991,3,0,0,0,0,0,0,0,22,0,0,0,0,0,0,0,0,0,0,0,0,0,0,0,0,0,0,0,0,0,0,0
1991,4,13,51,0,35,0,64,7,0,0,0,0,0,0,0,0,0,0,0,0,0,0,0,0,0,0,0,0,2,3,0,
1991,5,3,0,0,47,0,2,0,1,44,22,0,0,0,0,0,0,7,12,0,0,16,0,0,16,37,0,0,0,3,0,0
1991,6,3,82,22,0,3,0,4,177,95,74,50,152,17,46,50,135,140,25,58,15,0,30,2,42,1,8,0,22,26,18,
1991,7,49,76,78,66,20,2,32,16,6,7,21,0,1,0,0,1,99,84,100,40,21,56,8,1,1,6,1,1,7,64,14
1991,8,69,35,73,91,123,15,0,0,2,42,30,35,21,9,1,9,26,7,0,0,4,6,49,84,11,9,18,1,0,6,6
1991,9,20,12,27,31,88,53,36,28,0,0,3,1,1,1,8,0,0,0,0,0,0,1,17,64,84,1,14,7,0,0,
1991,10,0,0,0,7,4,4,2,20,0,0,0,0,6,58,40,9,0,0,0,0,0,0,0,0,0,0,0,0,0,1,60
1991,11,70,0,4,10,4,0,0,0,0,0,0,0,0,0,0,0,0,0,0,0,0,0,0,0,0,0,0,0,0,0,
1991,12,0,0,0,0,0,0,0,0,0,0,0,0,0,0,0,0,0,0,0,0,0,0,0,0,0,0,13,0,0,0,0
1992,1,0,1,0,0,0,0,0,0,0,0,0,0,0,0,0,0,0,0,0,0,0,0,0,0,0,0,0,0,0,0,0
1992,2,0,0,1,0,0,0,0,10,0,1,0,0,0,0,0,2,0,0,6,0,0,0,1,15,9,0,0,0,0,,
1992,3,0,0,0,0,0,0,0,0,0,0,0,0,0,0,0,0,0,0,0,0,0,0,0,0,0,0,0,0,0,0,0
1992,4,0,0,0,0,0,0,0,0,0,0,0,0,0,0,0,0,1,0,0,0,0,0,0,0,0,0,0,0,0,0,
1992,5,0,12,0,0,0,0,0,0,0,0,0,0,0,0,0,0,0,16,0,8,36,22,0,0,0,0,38,4,13,0,0
1992,6,0,0,0,0,1,0,0,0,6,9,26,5,27,5,0,9,20,8,1,0,3,47,97,125,88,105,138,38,9,0,
1992,7,0,92,46,135,18,76,3,2,10,111,18,24,1,8,0,0,0,19,52,63,24,7,10,22,0,0,27,18,21,8,9
1992,8,8,0,0,0,0,23,68,15,21,5,1,0,22,1,3,5,0,6,45,112,52,4,0,0,10,3,37,10,0,0,0
1992,9,0,18,22,0,6,0,0,4,1,3,23,72,70,2,0,0,12,0,10,55,2,0,1,2,2,3,16,0,0,4,
1992,10,0,0,0,0,4,0,0,4,1,0,0,0,9,69,47,12,1,0,0,13,29,47,1,0,0,0,0,0,0,0,0
1992,11,0,0,0,0,0,0,0,0,0,0,84,1,0,0,0,0,0,0,0,1,5,0,0,0,2,0,0,0,6,0,
1992,12,2,4,0,0,0,0,0,0,0,0,0,0,0,0,0,0,0,0,0,0,0,0,0,0,0,0,0,0,0,0,0
1993,1,0,0,0,0,0,0,0,0,0,0,0,0,0,34,0,0,0,0,0,0,0,0,0,0,0,0,0,0,0,0,0
1993,2,0,0,0,0,0,0,0,0,0,0,0,0,0,0,0,0,0,0,0,5,72,9,0,0,0,0,0,0,,,
1993,3,0,0,0,0,0,0,0,0,0,0,0,0,0,0,0,0,0,0,0,0,13,7,30,7,3,7,0,31,0,0,0
1993,4,0,0,0,0,0,0,0,0,0,0,0,5,4,9,0,0,0,0,0,0,0,0,0,0,0,0,0,33,12,33,
1993,5,0,32,52,5,0,1,33,34,15,32,0,50,6,5,0,0,8,0,1,0,0,0,0,0,0,1,3,0,15,119,96
1993,6,31,38,32,0,0,4,46,1,0,3,13,9,16,0,1,12,33,130,63,118,91,103,1,3,26,14,0,0,29,18,
1993,7,72,31,0,12,5,11,3,1,62,62,12,0,1,0,30,34,28,28,2,28,1,91,129,19,13,0,0,0,0,2,0
1993,8,7,9,17,92,38,36,25,9,33,15,13,68,22,1,0,10,12,10,21,66,120,40,55,10,0,0,0,0,0,2,5
1993,9,22,11,23,0,2,5,1,3,1,0,1,69,6,30,0,0,0,0,1,0,11,1,0,0,1,0,3,3,53,1,
1993,10,61,1,55,0,0,0,0,2,0,0,0,0,0,0,0,0,0,0,0,0,0,1,0,32,1,3,0,0,0,0,9
1993,11,13,1,0,25,0,0,0,0,0,0,0,0,0,0,0,0,0,0,0,0,0,0,0,0,0,0,0,0,0,0,
1993,12,0,0,0,0,0,0,0,0,0,0,0,0,0,0,0,0,0,0,0,0,0,0,0,0,0,0,0,0,0,0,0
1994,1,0,0,0,0,0,0,0,0,0,0,0,0,0,0,0,0,5,0,0,0,0,0,0,0,0,0,0,0,0,0,0
1994,2,0,0,0,0,0,0,0,0,0,6,0,0,0,0,0,0,0,0,0,0,0,0,12,0,0,0,0,0,,,
1994,3,0,0,0,0,0,0,0,0,0,0,0,0,0,0,0,0,0,0,0,0,0,0,0,0,0,0,24,121,30,3,61
1994,4,0,5,34,5,0,0,0,0,0,0,0,0,0,0,0,0,0,6,39,53,0,79,2,14,0,0,0,0,0,0,
1994,5,19,0,98,102,0,0,0,0,14,18,1,0,0,0,0,0,0,1,0,0,18,7,16,13,2,0,0,0,0,0,0
1994,6,0,1,1,4,0,0,0,43,59,2,92,38,118,30,58,48,112,160,118,37,29,15,0,5,1,0,15,26,9,1,
1994,7,0,3,19,1,5,3,5,21,12,1,12,7,31,29,1,0,0,22,94,80,26,41,1,46,2,5,0,3,77,157,64
1994,8,6,16,15,46,7,14,18,17,2,14,53,16,2,1,96,9,1,0,11,1,1,8,26,8,89,34,3,0,4,2,0
1994,9,1,7,2,0,11,0,3,6,66,21,42,20,0,0,0,2,8,5,56,9,5,0,0,0,0,0,0,0,0,1,
1994,10,0,15,0,0,0,3,25,8,17,0,17,0,0,0,0,0,0,0,0,0,0,0,3,0,0,0,0,0,0,0,0
1994,11,0,0,0,0,0,0,0,0,0,0,0,11,0,0,0,0,0,0,0,0,0,0,0,0,15,6,0,0,0,0,
1994,12,0,0,0,0,0,0,0,0,0,0,0,0,0,0,0,0,0,0,0,0,0,0,0,0,0,0,0,0,0,0,0
1995,1,0,0,0,0,0,0,0,0,0,0,0,0,0,0,0,0,0,0,0,0,0,0,0,0,0,0,0,0,0,0,0
1995,2,0,0,0,0,0,0,0,0,0,0,0,0,0,0,0,0,0,0,0,2,0,0,0,0,1,0,0,0,,,
1995,3,0,0,0,0,0,0,0,0,0,0,0,0,0,0,0,0,0,0,0,0,0,0,0,0,0,0,0,0,4,3,1
1995,4,0,0,0,0,0,0,0,20,1,0,0,0,0,3,0,0,0,0,0,0,0,0,0,0,0,0,0,0,0,0,
1995,5,0,0,0,0,0,0,0,0,0,0,0,19,1,1,31,36,206,27,0,0,0,80,0,0,0,0,0,0,0,0,0
1995,6,0,39,2,63,0,0,0,6,0,1,40,37,40,15,4,0,4,41,6,5,99,30,16,24,59,6,5,8,13,2,
1995,7,28,68,85,62,19,0,3,0,0,1,5,14,8,11,40,84,109,8,0,3,23,98,6,42,4,2,10,13,14,3,214
1995,8,9,22,67,24,0,2,2,20,21,1,0,34,10,73,10,1,1,39,10,38,102,2,0,2,68,0,0,0,1,0,0
1995,9,5,70,50,60,27,43,0,0,0,80,9,0,0,0,7,0,7,3,0,0,0,0,49,0,0,20,10,0,23,0,
1995,10,0,0,0,0,0,0,0,0,0,0,0,0,0,19,0,0,0,2,10,9,0,6,0,0,0,0,0,0,0,0,0
1995,11,9,7,23,2,0,1,0,0,0,10,138,74,0,0,0,0,0,0,25,59,2,0,0,1,32,26,0,0,0,0,
1995,12,0,0,0,0,0,0,0,0,0,0,0,0,0,0,0,0,0,0,0,0,0,0,0,0,0,0,0,0,0,0,0
1996,1,0,0,0,0,0,0,0,0,0,0,0,0,0,0,0,0,0,0,0,0,0,0,0,0,0,0,0,0,0,0,0
1996,2,0,0,0,0,0,0,0,0,0,0,0,0,0,0,0,0,0,0,0,0,0,2,31,48,0,0,2,0,0,,
1996,3,0,0,0,0,0,0,0,0,0,0,0,0,0,0,0,0,0,0,0,0,0,0,0,0,2,0,0,0,0,0,0
1996,4,0,2,0,0,0,0,0,0,0,0,0,0,0,0,0,0,0,0,0,0,0,0,0,21,36,2,0,0,0,16,
1996,5,1,14,0,0,0,0,1,10,20,0,0,19,4,0,36,21,0,0,3,0,0,0,0,0,0,52,2,24,1,67,4
1996,6,0,0,40,1,0,0,2,0,0,0,3,0,0,0,6,0,0,10,33,106,105,142,24,10,20,35,0,23,74,37,
1996,7,79,2,36,86,0,18,30,0,0,0,0,0,0,0,0,2,0,4,27,0,12,32,110,146,51,120,62,50,64,4,11
1996,8,10,17,57,77,50,59,44,52,53,0,1,0,2,1,3,23,22,43,64,31,36,10,3,1,19,3,4,2,1,14,0
1996,9,0,3,11,22,1,1,5,19,0,2,5,28,0,0,2,69,77,137,44,9,28,30,8,5,9,6,7,0,0,0,
1996,10,0,0,0,65,2,98,60,4,0,0,0,0,0,0,0,0,0,0,0,0,0,0,0,0,0,0,9,44,33,70,61
1996,11,0,0,0,1,0,0,7,0,0,0,0,0,0,0,0,0,0,0,0,0,0,0,0,0,0,0,0,0,0,0,
1996,12,0,0,0,0,0,0,0,0,0,0,0,0,0,0,0,0,0,0,0,0,0,0,0,0,0,0,0,0,0,0,0
1997,1,0,0,0,0,0,0,0,0,0,0,0,0,0,0,0,0,0,0,0,0,0,2,0,0,0,0,0,0,0,0,0
1997,2,0,13,0,0,5,0,2,0,0,0,0,0,0,0,0,0,0,0,0,0,0,0,0,0,0,0,0,0,,,
1997,3,0,0,0,0,0,0,0,0,0,0,0,0,0,0,0,0,0,0,0,0,0,0,9,28,2,0,0,0,0,0,1
1997,4,0,0,0,0,0,0,0,0,0,0,3,0,19,0,0,3,2,0,0,0,0,0,0,0,0,0,0,0,1,0,
1997,5,0,0,0,0,0,0,0,0,0,0,0,0,0,0,0,0,0,0,22,68,0,0,0,45,10,28,23,26,60,1,0
1997,6,0,0,22,9,0,0,8,0,59,0,31,33,3,18,8,8,0,1,0,10,109,8,4,12,1,0,13,15,1,17,
1997,7,93,32,76,66,87,29,43,49,75,64,91,20,1,0,1,28,2,1,24,239,71,54,22,1,2,2,2,23,1,6,72
1997,8,146,50,63,0,5,13,0,12,0,7,9,50,51,81,2,1,0,0,0,3,1,0,0,1,18,14,21,4,25,24,12
1997,9,14,6,0,82,12,51,25,18,2,2,0,29,14,101,25,22,0,29,18,1,0,0,0,11,21,21,107,26,2,1,
1997,10,27,24,0,0,0,0,2,25,95,0,0,0,0,0,0,0,0,0,0,0,0,0,0,0,0,0,0,0,0,0,0
1997,11,0,0,0,0,0,0,0,3,0,0,0,34,0,0,0,0,0,0,0,0,0,0,0,0,0,0,0,0,0,0,
1997,12,0,0,0,0,0,0,0,0,0,0,26,0,0,0,7,0,0,0,0,0,0,0,0,0,0,0,0,0,0,0,0
1998,1,0,0,0,0,0,0,0,0,0,0,0,0,0,0,0,0,0,0,15,0,0,0,0,0,0,0,0,0,0,0,0
1998,2,0,0,0,0,0,0,0,0,0,0,0,0,0,0,0,0,0,0,0,5,10,0,0,0,0,0,0,4,,,
1998,3,0,0,0,0,0,0,0,4,0,0,0,0,0,0,0,0,0,0,0,0,0,0,0,10,2,4,0,0,0,0,0
1998,4,0,0,0,0,0,0,0,19,0,0,0,0,0,0,0,0,0,0,0,0,0,53,42,30,1,0,0,0,0,3,
1998,5,0,0,0,4,0,9,0,0,0,0,0,0,0,0,0,0,0,0,12,154,36,5,1,0,0,22,97,13,4,24,0
1998,6,0,0,0,0,3,2,2,6,2,110,7,4,0,0,0,39,13,0,40,28,36,8,9,37,13,0,6,0,0,0,
1998,7,1,3,17,63,75,223,120,24,28,58,32,64,131,83,15,38,168,28,2,0,0,0,4,12,11,8,30,18,0,1,0
1998,8,4,10,22,51,53,33,4,4,0,0,23,61,243,115,30,18,10,45,5,0,1,0,2,3,8,62,22,24,40,166,95
1998,9,102,7,22,1,6,23,16,50,25,21,3,25,2,0,0,0,0,0,0,0,6,1,0,0,0,0,11,1,1,0,
1998,10,2,0,0,0,0,0,0,0,0,0,0,9,0,9,8,54,2,0,8,9,37,46,0,0,0,0,0,0,0,0,0
1998,11,0,0,0,0,0,0,0,0,0,0,0,0,0,0,0,0,0,0,0,0,0,0,50,37,0,0,0,0,0,0,
1998,12,0,0,0,0,0,0,0,0,0,0,0,0,0,0,0,0,0,0,0,0,0,0,0,0,0,0,0,0,0,0,0
1999,1,0,0,0,0,0,0,0,0,0,0,0,0,0,0,0,0,0,0,0,0,0,0,0,0,0,0,0,0,0,0,0
1999,2,0,0,0,0,0,0,0,0,0,0,0,0,0,0,0,0,0,0,0,0,0,0,0,0,0,0,0,0,,,
1999,3,0,0,0,0,0,0,0,0,0,0,0,0,0,0,0,0,0,0,0,0,0,0,0,0,0,0,0,0,0,0,0
1999,4,0,0,0,0,0,0,0,0,6,2,0,0,0,0,0,0,0,0,0,0,0,0,0,0,0,0,0,0,0,0,
1999,5,0,0,0,0,0,3,14,56,34,1,0,1,0,3,0,16,25,1,7,8,10,23,40,59,0,5,3,5,71,190,3
1999,6,0,0,3,0,9,3,4,0,22,0,36,93,8,0,0,1,5,7,20,74,78,139,83,48,11,106,3,46,23,31,
1999,7,83,16,36,0,0,0,5,18,22,23,6,146,118,43,16,4,0,50,63,73,68,5,46,0,0,1,4,14,32,2,25
1999,8,7,10,68,22,67,50,41,95,87,41,15,73,104,72,47,16,20,11,26,16,17,0,0,4,0,9,66,96,17,13,24
1999,9,8,1,0,2,0,0,1,3,0,0,9,47,24,16,11,21,43,1,0,4,26,112,23,37,0,0,0,0,0,2,
1999,10,0,0,0,18,0,0,0,15,36,27,1,6,1,0,0,0,2,78,44,34,1,0,0,0,0,0,0,0,0,8,6
1999,11,0,0,0,0,1,0,0,0,0,0,0,0,0,0,0,0,0,0,0,0,0,0,0,0,0,0,0,0,0,0,
1999,12,0,0,0,0,0,0,0,0,0,38,13,30,0,0,0,0,0,0,0,0,0,0,0,0,3,2,38,0,0,0,0
2000,1,0,0,0,0,0,0,0,0,0,0,0,0,0,0,0,0,0,0,0,0,0,0,1,0,0,0,0,0,0,0,0
2000,2,0,0,0,0,0,0,0,0,0,0,0,0,0,0,0,0,0,0,1,0,0,0,0,0,0,1,0,0,0,,
2000,3,0,0,0,0,0,0,0,0,0,93,0,0,0,0,0,0,3,0,0,0,0,0,0,0,0,0,0,0,0,0,0
2000,4,0,0,0,0,0,0,0,0,0,0,0,0,4,0,0,0,0,0,0,0,0,17,0,0,15,16,6,4,0,3,
2000,5,16,2,56,0,19,7,10,1,37,0,0,3,0,0,0,11,4,4,0,53,0,55,8,101,76,10,70,18,10,18,0
2000,6,0,6,0,0,32,5,4,45,28,11,85,40,150,0,0,0,1,14,22,19,27,10,144,48,133,10,3,1,2,1,
2000,7,0,0,0,0,0,10,39,0,23,43,3,52,96,90,69,2,17,200,133,91,135,28,28,115,92,4,17,13,0,0,0
2000,8,22,29,101,8,57,6,7,5,1,0,2,29,1,32,53,115,71,22,0,2,4,0,1,2,0,0,0,0,98,115,87
2000,9,66,29,22,23,15,144,4,28,47,42,0,0,10,3,0,0,0,9,1,0,0,0,0,4,32,19,4,1,0,0,
2000,10,30,171,26,11,0,0,0,0,1,2,0,0,0,0,0,1,17,14,10,1,0,2,0,0,0,0,49,39,50,0,0
2000,11,0,0,0,0,0,0,0,0,0,0,0,0,0,0,0,0,0,0,0,0,0,0,0,0,0,0,0,0,15,1,
2000,12,0,0,0,0,0,0,0,0,0,0,0,0,0,0,0,0,0,0,0,0,0,0,0,0,0,0,0,0,0,0,0
2001,1,0,0,0,0,0,0,0,0,0,0,0,0,0,0,0,0,0,0,0,0,0,0,0,0,0,0,0,0,0,0,0
2001,2,0,0,0,0,0,0,0,0,0,0,0,0,0,0,0,0,0,0,0,0,0,0,26,0,0,0,0,0,,,
2001,3,0,0,0,0,0,0,0,0,0,0,0,0,0,0,0,0,0,0,0,0,0,0,0,0,0,0,0,0,0,0,0
2001,4,0,0,0,0,0,0,0,0,0,0,0,0,0,0,0,6,0,0,0,0,0,0,0,0,0,0,0,0,0,0,
2001,5,0,0,0,48,55,22,9,16,2,1,57,87,8,0,0,0,0,0,0,0,20,1,26,7,14,0,1,1,0,0,4
2001,6,10,71,1,116,65,39,32,21,86,4,0,3,30,59,81,148,120,43,34,92,175,25,3,6,1,17,6,0,38,47,
2001,7,64,140,20,2,0,5,4,0,39,74,83,41,37,0,18,7,5,0,27,33,47,14,51,3,53,18,17,101,0,0,0
2001,8,70,40,27,4,16,0,1,13,13,4,2,1,1,31,76,65,26,26,0,0,20,4,3,10,3,19,39,13,3,4,0
2001,9,0,0,4,2,15,2,18,7,2,4,1,20,9,0,0,73,108,94,29,22,0,0,8,4,0,0,3,1,0,0,
2001,10,4,0,7,55,1,0,0,0,0,23,7,0,0,2,0,0,0,7,14,13,0,0,0,0,0,0,18,30,27,10,18
2001,11,31,12,17,1,0,1,1,0,17,1,19,18,13,0,0,0,0,0,0,0,0,0,0,0,0,0,0,0,0,0,
2001,12,0,0,0,0,0,0,0,0,0,0,0,0,0,0,0,0,0,0,0,0,0,0,0,0,0,0,0,0,0,0,0
2002,1,0,0,0,0,0,0,0,0,10,0,0,0,0,0,0,0,0,0,0,0,0,0,0,0,16,0,0,0,0,0,0
2002,2,0,0,0,0,0,0,0,0,0,0,0,0,0,0,0,0,0,0,0,0,0,0,0,0,0,0,0,0,,,
2002,3,0,0,0,0,0,0,0,0,0,0,0,0,0,0,0,0,0,0,0,0,0,0,0,10,0,26,0,7,0,0,0
2002,4,0,0,4,56,0,0,0,0,0,0,8,20,0,0,0,0,0,0,0,0,0,0,1,0,0,0,0,3,0,0,
2002,5,0,0,0,0,0,8,21,37,36,33,79,4,0,30,0,1,11,0,21,0,0,0,8,53,5,14,57,68,8,0,0
2002,6,0,0,0,4,38,8,41,43,0,11,7,7,41,30,17,0,1,2,0,1,18,38,10,10,24,25,3,20,62,42,
2002,7,102,189,81,112,33,7,8,9,51,46,38,1,0,12,13,0,1,12,17,39,48,84,52,185,1,80,3,6,1,3,2
2002,8,0,4,12,2,15,2,13,0,8,46,38,66,40,31,16,157,107,17,2,8,3,0,0,1,3,17,45,4,0,0,1
2002,9,0,1,3,47,0,11,26,19,62,8,7,3,0,0,2,12,5,0,2,1,10,0,0,26,4,0,5,51,11,0,
2002,10,0,0,0,0,0,0,0,2,0,0,1,0,0,27,122,53,11,0,0,37,77,0,0,0,0,0,0,0,0,0,0
2002,11,0,0,0,13,0,0,0,0,0,0,0,29,103,42,0,0,0,0,0,0,0,0,0,0,0,0,0,0,16,16,
2002,12,1,0,0,0,0,0,0,0,0,0,0,0,0,0,0,0,0,0,0,0,0,0,0,0,0,0,0,0,0,0,0
2003,1,0,0,0,0,0,0,0,0,0,0,0,0,0,0,0,0,0,0,0,0,0,0,0,0,0,0,0,0,0,0,0
2003,2,0,0,0,0,0,0,0,0,0,0,0,0,0,0,4,0,0,0,0,0,0,0,0,0,0,0,0,0,,,
2003,3,0,0,0,0,0,0,0,0,0,0,0,0,9,3,0,0,46,8,2,0,0,0,0,0,0,0,0,0,0,0,0
2003,4,0,4,0,0,0,0,0,0,0,0,0,0,0,0,0,0,0,2,0,0,0,0,4,0,0,0,0,0,0,0,
2003,5,0,32,8,75,0,1,0,0,0,0,0,0,0,2,12,108,220,0,0,0,54,32,0,0,6,0,0,15,9,0,0
2003,6,0,0,0,34,52,68,1,42,17,21,110,66,13,42,8,77,84,45,2,17,150,68,169,0,6,79,72,30,20,56,
2003,7,72,12,2,1,0,0,0,8,0,25,64,33,10,2,0,10,0,3,9,31,21,62,24,7,11,85,31,46,72,162,93
2003,8,61,13,12,0,0,0,0,14,27,45,12,111,90,39,8,35,11,0,0,1,0,10,24,0,3,6,2,21,14,76,20
2003,9,24,51,115,15,0,0,28,14,33,0,19,0,2,0,0,2,3,0,1,5,0,0,0,8,2,17,2,1,5,0,
2003,10,0,0,0,0,6,30,23,9,57,31,34,5,0,0,2,0,0,0,0,0,0,0,6,0,4,0,0,0,0,0,0
2003,11,0,0,0,0,0,0,0,0,0,0,0,0,0,0,0,0,0,0,0,0,0,0,0,0,0,0,0,0,0,0,
2003,12,0,0,0,0,0,0,0,0,0,0,0,0,0,0,0,0,0,0,0,1,2,0,0,0,0,0,0,0,0,0,0
2004,1,0,0,0,0,0,0,0,0,0,0,0,0,0,0,0,0,0,0,0,0,0,0,0,0,0,0,0,0,0,0,0
2004,2,0,0,0,0,0,0,0,0,0,0,0,0,0,0,0,0,0,0,0,0,0,0,0,0,0,0,0,0,0,,
2004,3,0,0,0,0,0,0,0,0,0,0,1,0,0,0,0,0,0,0,0,0,0,0,0,0,0,0,0,0,0,0,0
2004,4,0,35,0,0,0,0,24,2,30,0,45,0,0,0,0,0,0,0,40,27,0,0,0,1,0,0,0,0,0,0,
2004,5,0,0,0,0,0,0,0,0,0,0,1,2,7,0,0,0,25,0,11,17,0,47,2,110,26,0,0,0,0,2,0
2004,6,0,4,0,35,0,6,0,1,0,2,1,27,3,5,6,19,18,63,205,142,83,1,1,0,38,14,7,0,23,1,
2004,7,0,12,0,13,31,44,8,99,4,115,46,54,0,0,28,82,34,14,4,66,74,0,0,1,0,16,1,0,1,3,1
2004,8,0,0,0,14,53,38,115,7,2,1,5,102,108,61,19,5,1,19,17,4,4,2,5,2,0,8,12,58,1,23,0
2004,9,21,0,0,17,0,0,0,2,0,3,61,77,106,20,93,3,26,2,0,0,0,4,2,0,1,0,0,0,0,0,
2004,10,0,0,0,0,41,29,24,52,36,0,0,0,0,0,22,42,1,0,0,0,0,0,0,0,0,0,0,0,0,0,0
2004,11,0,0,0,0,0,0,0,0,0,0,0,0,0,0,0,0,0,0,0,0,0,0,0,0,0,0,0,0,0,0,
2004,12,0,0,0,0,0,0,0,0,0,0,0,0,0,0,0,0,0,0,0,0,0,0,0,0,0,0,0,0,0,0,0
2005,1,0,0,0,0,0,0,0,0,0,0,0,6,0,0,0,0,0,0,0,0,0,0,0,0,0,0,0,0,0,0,0
2005,2,0,0,0,0,0,0,0,0,0,0,0,0,0,0,0,0,0,0,0,0,0,0,0,0,0,0,0,0,,,
2005,3,0,0,0,0,0,0,0,0,0,0,0,0,0,0,1,0,0,0,0,0,0,0,0,0,7,19,0,0,0,0,0
2005,4,0,0,0,0,0,0,0,0,0,5,80,25,0,0,0,0,0,0,0,3,0,0,0,0,0,0,0,0,0,0,
2005,5,0,0,0,0,0,26,0,0,0,1,20,0,0,0,0,0,0,0,0,4,0,2,44,0,81,0,0,0,0,0,0
2005,6,0,0,0,0,115,1,0,0,0,1,141,12,0,0,0,5,11,0,0,0,0,12,3,97,118,14,99,93,79,47,
2005,7,77,34,57,91,35,24,0,0,2,32,39,5,0,10,4,0,2,12,2,8,12,5,1,0,0,17,10,8,40,12,69
2005,8,5,17,25,56,74,32,4,46,53,42,5,19,0,9,31,21,12,0,9,19,18,29,24,0,199,94,7,30,11,65,1
2005,9,5,10,71,6,0,0,20,3,0,16,4,4,6,0,0,17,20,1,0,10,71,1,1,12,59,1,1,0,1,2,
2005,10,124,47,0,0,0,0,0,0,0,0,20,0,0,0,0,0,1,0,0,1,0,0,16,9,0,0,0,1,20,0,18
2005,11,8,11,0,0,0,0,0,0,0,4,0,0,0,0,0,0,0,0,0,0,0,0,0,0,0,0,0,0,0,0,
2005,12,0,0,0,0,0,0,0,0,0,0,0,0,0,0,0,0,0,0,0,0,0,0,10,15,0,0,0,0,0,0,0
2006,1,0,0,0,0,0,0,0,0,0,0,0,0,0,0,0,0,0,0,0,0,0,0,0,0,0,0,0,0,0,0,0
2006,2,0,0,0,0,0,0,0,0,0,0,0,0,0,0,0,0,0,0,0,0,0,0,0,0,0,0,0,0,,,
2006,3,0,0,0,0,0,0,0,0,0,0,0,0,0,0,0,0,0,0,0,0,0,0,0,0,0,0,0,0,0,0,0
2006,4,0,0,0,0,0,0,0,0,0,0,0,0,0,0,0,0,0,58,13,0,0,0,0,0,0,0,0,0,0,43,
2006,5,0,0,0,0,29,0,24,15,0,12,6,31,19,0,34,0,8,0,0,34,0,0,0,11,2,172,135,46,45,167,10
2006,6,12,9,0,1,43,63,31,79,80,68,113,0,5,42,72,17,0,0,0,4,11,0,0,1,0,0,6,2,0,3,
2006,7,1,7,1,106,42,0,9,0,100,134,64,76,14,0,26,13,10,2,3,46,17,18,0,10,0,0,35,25,25,18,0
2006,8,1,1,4,1,3,0,13,36,15,2,13,1,12,15,27,0,4,4,7,12,19,66,64,7,12,0,0,0,1,44,1
2006,9,5,45,40,7,0,0,0,0,0,23,0,1,0,0,4,0,0,6,4,89,77,126,214,12,0,0,0,0,11,14,
2006,10,0,0,0,10,6,0,0,0,0,2,0,0,0,37,0,0,0,0,0,16,5,0,0,0,0,0,0,2,0,0,0
2006,11,0,0,0,0,0,0,0,0,10,0,0,0,0,0,0,0,0,0,0,0,0,0,0,0,0,0,0,0,0,0,
2006,12,0,0,0,0,0,0,0,0,0,0,0,0,0,0,0,0,0,0,0,0,0,0,0,0,0,0,0,0,0,0,0
2007,1,0,0,0,0,0,0,0,0,0,0,0,0,0,0,0,0,0,0,0,0,0,0,0,0,0,0,0,0,0,0,0
2007,2,0,0,0,0,0,15,0,0,0,0,0,0,0,2,48,0,0,0,0,0,0,0,0,0,0,0,0,0,,,
2007,3,0,0,0,0,0,0,0,0,0,0,0,0,0,0,0,0,0,0,0,0,0,0,0,0,0,0,0,0,0,0,0
2007,4,0,0,0,0,0,0,0,0,0,0,2,52,0,0,0,0,0,0,0,0,4,0,7,2,0,0,0,3,30,0,
2007,5,0,0,0,12,0,0,0,1,10,0,5,0,0,18,107,0,0,2,0,64,116,35,2,1,0,0,0,0,0,0,0
2007,6,0,0,0,1,22,35,2,6,13,18,43,101,80,42,88,17,10,0,4,0,0,0,0,0,0,0,0,0,27,131,
2007,7,188,74,65,100,90,107,55,24,40,4,0,0,0,2,4,51,23,46,13,77,79,34,70,63,21,29,2,1,9,0,3
2007,8,5,14,0,6,0,0,26,22,0,34,10,30,66,15,12,11,29,3,16,3,0,0,3,24,50,32,47,6,0,29,33
2007,9,5,3,0,2,16,55,159,29,10,6,41,11,2,0,0,0,0,13,4,0,1,0,9,26,3,0,0,0,12,2,
2007,10,18,0,1,0,3,1,25,170,4,10,9,0,0,7,21,49,119,34,0,0,21,0,0,0,0,0,0,0,0,0,0
2007,11,0,0,0,21,0,0,0,0,0,2,0,0,0,6,22,76,0,0,0,0,0,0,0,0,0,0,0,0,0,0,
2007,12,0,0,0,0,0,0,0,0,0,0,0,0,0,0,0,0,0,0,0,0,0,0,0,0,0,0,0,0,0,0,0
2008,1,0,0,0,0,0,0,0,0,0,0,0,0,0,0,0,0,0,0,0,0,0,0,0,0,0,0,12,3,0,0,0
2008,2,0,0,0,0,0,0,0,0,0,40,10,0,0,0,0,0,0,0,0,0,0,0,0,0,0,0,0,0,0,,
2008,3,0,0,0,0,0,0,0,0,0,0,0,0,0,0,0,0,0,0,0,0,4,0,0,0,0,0,0,0,0,0,0
2008,4,0,0,0,0,0,0,0,0,0,0,0,0,0,0,0,0,0,0,0,0,0,0,0,0,0,0,0,0,0,0,
2008,5,0,0,0,15,0,5,0,0,1,0,0,5,0,0,0,1,22,8,71,23,0,0,12,0,0,0,0,24,6,0,51
2008,6,0,0,0,4,0,8,0,0,18,360,1,5,1,0,3,22,121,7,67,27,30,2,62,1,0,5,250,49,88,187,
2008,7,152,94,134,45,89,132,35,64,24,2,42,12,31,70,125,4,32,70,6,27,16,0,0,1,0,1,1,14,9,8,35
2008,8,13,0,3,0,0,40,27,0,2,15,7,30,37,14,55,64,50,117,47,11,1,1,0,6,3,0,1,13,10,57,40
2008,9,13,0,3,8,19,13,0,3,1,0,1,10,27,18,27,4,3,40,0,2,3,14,29,3,0,4,24,96,22,0,
2008,10,0,27,6,0,0,0,19,2,2,0,0,0,0,0,0,0,0,0,0,0,0,0,0,8,38,15,66,1,0,0,0
2008,11,0,0,0,0,3,0,0,0,0,0,0,0,0,0,0,0,0,0,0,0,0,0,0,0,0,0,0,0,0,0,
2008,12,0,0,0,0,0,0,0,0,0,0,0,0,0,0,0,0,0,0,0,0,0,0,0,0,0,0,0,0,0,0,0
2009,1,0,0,0,0,0,0,0,0,0,0,0,0,0,0,0,0,0,0,0,0,0,0,0,0,0,0,0,0,0,0,0
2009,2,0,0,0,0,0,0,0,0,0,0,0,0,0,0,0,0,0,0,0,0,0,0,0,0,0,0,0,0,,,
2009,3,0,0,0,0,0,0,0,0,0,0,0,0,0,0,0,0,0,0,0,0,0,0,0,0,0,0,0,0,0,0,0
2009,4,3,0,0,0,0,0,0,0,0,0,0,0,0,0,0,19,19,88,1,0,0,0,0,0,0,0,0,0,0,0,
2009,5,0,0,0,18,0,0,0,0,0,0,0,11,0,2,1,10,0,1,3,0,0,0,0,0,47,93,2,0,0,51,2
2009,6,9,14,33,0,18,4,10,4,14,0,0,0,0,0,0,0,0,1,7,6,0,0,0,1,0,2,3,46,107,45,
2009,7,8,41,69,0,6,6,61,74,84,57,43,33,0,2,25,35,48,1,0,0,29,30,15,36,1,0,54,36,35,117,25
2009,8,68,29,3,0,28,43,43,54,26,5,11,9,1,18,0,3,0,12,47,44,95,59,207,1,0,19,96,16,0,0,7
2009,9,1,1,4,7,12,15,4,57,68,2,0,2,44,105,0,0,13,0,21,20,20,24,47,3,1,0,4,10,0,0,
2009,10,0,0,35,24,4,4,3,4,2,39,2,0,0,0,7,0,0,6,0,0,0,0,0,0,0,0,0,0,0,0,0
2009,11,0,0,0,0,0,0,0,0,0,0,0,0,0,0,0,0,4,0,0,54,0,0,0,0,0,0,0,0,0,0,
2009,12,0,0,0,0,0,0,0,0,0,0,0,0,0,0,0,0,0,0,0,0,0,0,0,0,0,0,0,0,0,0,0
2010,1,0,0,0,0,0,0,0,0,0,0,0,0,0,0,0,0,0,0,0,0,0,0,0,0,0,0,0,0,0,0,0
2010,2,0,0,0,0,0,0,0,0,0,0,0,0,0,0,0,0,0,0,0,0,0,0,0,0,0,0,0,0,,,
2010,3,0,0,0,0,0,0,0,0,0,0,0,0,0,0,0,0,0,0,0,0,0,0,0,0,0,0,0,0,2,12,1
2010,4,7,4,0,0,0,0,0,0,0,0,0,0,0,0,0,0,0,0,0,0,1,0,0,0,0,0,0,0,0,0,
2010,5,0,0,0,0,0,21,0,0,0,4,0,1,0,0,0,0,0,0,0,2,185,68,87,162,89,2,56,1,21,7,11
2010,6,24,0,0,2,17,12,0,0,0,41,2,15,75,78,132,186,25,36,9,96,2,4,1,1,48,38,46,29,22,41,
2010,7,2,1,0,4,3,18,5,7,34,49,35,81,70,5,1,0,6,0,13,6,0,57,9,7,20,39,10,0,0,2,12
2010,8,27,1,1,5,1,0,0,9,1,1,8,9,61,11,11,29,1,10,18,6,0,0,0,21,4,48,12,57,17,73,59
2010,9,10,4,0,8,1,5,1,3,19,0,36,21,23,12,40,14,0,6,0,5,1,1,0,7,2,35,0,1,0,2,
2010,10,0,0,0,0,0,27,80,95,81,17,17,0,3,21,15,0,1,0,0,0,0,0,0,13,3,0,0,0,0,0,2
2010,11,0,11,0,0,0,0,0,0,0,0,0,0,0,0,0,0,0,0,0,0,0,4,0,0,0,0,0,0,0,0,
2010,12,0,0,0,0,0,0,0,0,0,24,44,0,0,0,0,0,0,0,0,0,0,0,0,0,0,0,0,0,0,0,0
2011,1,0,0,0,0,0,0,0,0,0,0,0,0,0,0,0,0,2,9,0,0,0,0,0,0,0,0,0,0,0,0,0
2011,2,0,0,0,0,0,0,0,0,0,0,0,0,0,0,0,0,0,0,0,0,0,0,0,0,0,0,0,0,,,
2011,3,0,0,0,0,0,0,0,0,0,0,0,0,0,0,0,0,0,0,0,0,0,0,0,0,0,0,0,0,0,0,4
2011,4,21,0,0,0,0,0,0,0,0,0,0,0,0,0,0,0,0,0,0,0,0,0,0,0,0,0,0,86,16,0,
2011,5,0,0,0,4,13,13,1,11,0,0,2,22,0,8,0,0,0,14,8,21,0,54,41,4,0,14,0,2,1,30,33
2011,6,29,0,0,0,0,0,0,15,22,98,2,3,0,6,4,24,64,71,145,10,16,26,59,21,24,17,67,54,79,70,
2011,7,18,48,0,45,0,0,8,0,11,0,29,0,0,5,11,5,1,62,119,163,231,80,4,25,7,1,0,0,0,3,1
2011,8,14,90,4,32,57,58,159,97,218,161,99,14,41,0,0,28,28,1,12,8,1,7,43,35,6,2,2,4,0,5,0
2011,9,5,13,16,0,0,4,76,106,87,43,0,0,18,16,58,148,42,18,5,0,1,14,15,5,2,0,0,0,0,0,
2011,10,25,18,3,1,0,5,0,0,0,0,0,0,0,0,0,0,0,74,44,70,0,5,34,1,0,0,0,0,0,0,0
2011,11,0,0,0,0,0,0,0,0,0,0,0,0,0,0,0,0,0,0,0,0,0,0,0,0,0,0,0,0,0,0,
2011,12,0,0,0,0,0,0,0,0,0,0,0,0,0,0,0,0,0,0,0,0,0,0,0,0,0,0,0,3,2,0,0
2012,1,0,0,0,0,0,0,0,0,0,0,0,0,0,0,0,0,0,0,0,0,0,0,0,0,0,0,0,0,0,0,0
2012,2,0,0,0,0,0,0,0,0,0,0,0,0,0,0,0,0,0,0,0,0,0,0,0,0,0,0,0,0,0,,
2012,3,0,5,13,91,0,0,0,0,0,0,0,0,0,0,0,0,0,0,0,0,0,0,0,0,0,0,0,0,0,0,0
2012,4,0,0,0,0,0,0,0,0,66,15,13,0,6,4,0,0,0,0,0,0,0,0,0,0,0,0,0,0,22,22,
2012,5,27,95,2,0,0,0,0,0,0,0,0,15,0,13,0,14,63,0,0,0,0,0,0,0,0,0,0,12,9,2,2
2012,6,17,10,0,0,0,0,1,0,0,17,0,0,5,111,118,170,79,0,10,3,30,19,37,81,104,15,240,4,16,15,
2012,7,0,0,6,19,19,30,24,11,21,23,31,43,18,27,30,43,77,67,82,6,0,26,32,21,66,15,64,76,100,85,68
2012,8,49,23,15,12,29,73,41,120,81,11,63,33,105,8,0,4,3,0,1,55,10,0,6,15,7,0,0,28,8,0,1
2012,9,1,28,0,4,54,0,0,1,20,17,35,42,5,51,0,0,0,0,0,4,0,4,3,9,15,1,0,2,1,5,
2012,10,1,2,23,67,29,2,0,2,0,9,106,22,0,0,0,0,0,0,0,0,0,0,0,0,0,0,0,0,0,0,0
2012,11,0,0,0,0,0,0,0,4,2,0,0,0,0,0,0,6,1,0,0,0,1,0,0,0,0,0,0,0,0,0,
2012,12,0,0,0,0,0,0,0,0,0,0,0,0,0,0,0,0,0,0,0,0,0,0,0,0,0,0,0,0,0,0,0
2013,1,0,0,0,0,0,0,0,0,0,0,0,0,0,0,0,0,0,0,0,0,0,0,0,0,0,0,0,0,0,0,0
2013,2,0,0,0,0,0,0,0,0,0,0,0,0,0,0,0,0,0,0,0,0,0,0,0,0,0,0,0,0,,,
2013,3,0,0,0,0,0,0,0,0,0,0,0,0,0,0,0,0,0,0,0,0,0,0,0,0,0,0,0,0,0,0,0
2013,4,0,0,0,0,0,0,0,0,0,0,0,0,0,0,0,0,54,0,0,0,0,0,0,0,0,0,0,0,0,0,
2013,5,0,0,0,0,72,22,76,54,19,0,0,0,0,1,58,17,14,0,0,0,11,20,78,14,79,63,10,19,17,34,22
2013,6,44,0,0,27,0,3,23,70,29,58,29,14,15,0,5,0,0,0,3,2,0,8,0,1,34,36,38,62,191,184,
2013,7,41,5,7,3,6,0,0,0,48,13,3,4,50,76,1,0,1,27,38,32,7,11,0,0,20,99,74,65,76,24,41
2013,8,65,14,1,0,0,5,15,1,0,0,1,2,0,0,0,15,119,334,92,71,98,8,0,0,1,2,8,89,34,25,0
2013,9,4,7,33,14,3,43,0,8,7,0,0,2,0,7,6,1,2,59,0,1,0,0,2,1,9,3,15,4,0,6,
2013,10,0,0,34,27,63,102,34,0,0,0,0,0,0,0,0,0,0,0,0,17,0,16,2,0,3,7,114,1,0,0,0
2013,11,0,0,0,0,0,0,0,0,0,0,0,0,0,0,0,0,0,0,0,0,0,0,0,0,0,0,0,0,0,0,
2013,12,0,0,0,0,0,0,0,0,0,0,0,0,0,0,0,0,0,0,0,0,0,0,0,0,0,0,0,0,0,0,0
2014,1,0,0,0,0,0,0,0,0,0,0,0,0,0,0,0,0,0,0,0,0,0,0,0,0,0,0,0,0,0,0,0
2014,2,0,0,0,0,0,0,0,0,0,0,0,0,0,0,0,0,21,8,0,0,0,0,0,0,0,0,0,0,,,
2014,3,0,0,0,0,0,0,0,0,0,0,0,0,0,0,0,0,0,0,0,0,0,0,1,0,0,0,0,0,0,0,0
2014,4,0,0,0,0,0,0,4,0,0,0,0,0,0,0,0,0,0,0,0,0,0,0,0,0,0,0,0,0,0,0,
2014,5,6,1,2,1,0,0,0,4,3,0,5,52,0,0,0,0,0,0,0,0,0,0,0,23,2,0,0,0,16,24,0
2014,6,2,0,9,11,3,0,5,15,1,0,0,0,0,0,7,1,0,8,36,54,90,45,139,91,2,67,17,8,25,41,
2014,7,5,19,49,30,15,0,0,0,0,0,9,0,0,0,0,21,79,54,16,116,128,99,40,16,4,0,0,0,5,7,5
2014,8,8,8,16,32,63,7,29,2,6,7,45,18,8,19,20,70,78,24,0,51,2,22,0,42,0,0,0,14,0,0,20
2014,9,7,0,0,17,3,9,0,2,8,0,0,3,2,0,10,4,0,0,13,1,22,4,5,140,12,2,0,0,0,0,
2014,10,0,0,4,0,18,0,0,0,0,0,9,7,0,0,0,0,2,0,0,0,0,0,0,0,0,0,0,0,0,0,1
2014,11,0,0,0,0,0,0,0,0,0,0,0,0,0,0,0,0,0,0,0,0,0,0,0,0,0,0,0,0,0,0,
2014,12,0,0,0,0,0,0,0,0,0,0,0,0,0,0,0,0,0,0,0,0,0,0,0,0,0,0,0,0,0,0,0
2015,1,3,2,0,0,0,0,0,0,0,0,0,0,0,0,0,1,3,1,0,0,0,0,0,0,0,0,0,0,0,0,0
2015,2,0,0,0,0,0,0,0,0,0,0,0,0,0,0,0,0,0,0,0,0,0,0,0,0,0,0,0,0,,,
2015,3,0,0,0,0,0,12,0,0,0,0,0,0,0,0,0,0,0,0,0,0,0,0,0,0,0,4,0,0,0,0,0
2015,4,0,0,0,4,0,0,0,0,0,0,0,0,0,0,0,0,0,0,0,0,0,12,23,33,0,0,0,0,0,0,
2015,5,0,10,0,0,0,0,0,0,0,0,0,11,0,0,0,0,0,4,5,0,0,0,0,0,63,0,0,0,0,3,0
2015,6,0,0,0,0,0,18,5,40,61,49,0,28,0,2,45,27,26,0,2,3,2,70,75,99,467,210,263,81,0,0,
2015,7,3,18,15,0,0,0,0,17,74,70,3,0,0,6,0,4,10,85,87,68,1,16,67,46,154,116,202,87,75,108,68
2015,8,208,2,0,0,4,32,0,0,2,0,3,0,0,0,3,60,102,35,24,24,32,0,4,6,7,0,0,19,12,58,20
2015,9,160,170,58,1,0,5,1,0,0,8,2,0,6,15,2,2,0,0,30,84,33,1,0,38,2,0,0,0,0,0,
2015,10,5,0,4,7,0,0,44,15,78,0,0,0,14,0,0,0,0,0,0,0,0,0,0,0,0,0,0,0,0,0,40
2015,11,15,20,1,0,0,0,0,0,0,0,0,0,0,0,0,0,0,2,2,0,0,0,0,0,0,0,0,0,0,0,
2015,12,0,0,0,0,0,0,0,0,0,0,0,0,0,0,2,3,0,0,22,0,0,0,0,0,0,0,0,0,0,0,0
2016,1,0,0,0,0,0,0,0,0,0,0,0,0,0,0,0,0,0,0,0,0,0,0,0,0,0,0,0,0,0,0,0
2016,2,0,0,0,0,0,0,0,0,0,0,0,0,0,0,0,0,0,0,0,0,0,0,0,0,0,0,0,0,0,,
2016,3,0,0,0,0,0,0,0,0,0,0,0,0,0,0,0,0,0,0,0,0,0,0,14,0,0,0,0,0,11,0,0
2016,4,3,12,0,0,0,0,0,0,0,0,0,0,0,0,0,0,0,0,0,0,0,0,0,0,2,0,0,0,0,5,
2016,5,0,23,15,0,9,2,0,0,0,0,0,0,0,7,0,0,0,4,2,76,93,69,0,25,9,21,0,0,2,0,2
2016,6,0,0,0,8,1,0,96,19,29,145,84,23,44,79,5,0,0,0,0,0,0,0,0,0,0,1,0,0,4,0,
2016,7,25,20,66,68,137,118,108,0,8,34,40,91,13,15,68,38,67,66,11,0,1,0,1,16,0,9,2,11,71,3,6
2016,8,26,0,0,5,15,12,61,5,35,57,33,3,46,0,0,3,6,25,0,0,30,20,0,33,39,0,9,2,0,2,5
2016,9,26,56,30,12,17,38,3,7,0,0,0,0,4,6,1,0,6,3,5,25,0,7,6,0,0,0,7,19,31,0,
2016,10,0,0,5,49,8,0,0,2,2,16,98,28,171,0,0,0,0,9,3,0,0,0,0,0,0,6,0,0,21,0,0
2016,11,0,0,0,0,9,15,17,0,0,0,0,0,0,0,0,0,0,0,0,0,0,0,0,0,0,0,0,0,0,0,
2016,12,0,0,0,0,0,0,0,0,0,0,0,0,0,0,0,0,0,0,0,0,0,0,0,0,0,0,0,0,0,0,0
2017,1,0,0,0,0,0,0,0,0,0,0,0,0,0,0,0,0,0,0,0,0,0,0,0,0,0,0,0,0,0,0,0
2017,2,0,0,0,0,0,0,0,0,0,0,0,0,0,0,0,0,0,0,0,0,0,0,0,0,0,0,0,0,,,
2017,3,0,0,0,0,0,0,19,0,0,39,60,60,29,0,0,0,0,0,0,0,9,0,0,0,0,0,0,0,0,0,0
2017,4,0,0,0,0,57,5,0,0,0,0,0,0,0,0,0,0,0,0,0,97,0,58,53,42,49,0,0,0,0,0,
2017,5,0,3,0,0,0,0,0,0,0,0,0,0,0,0,0,25,3,17,0,0,0,0,0,0,0,0,0,0,37,15,43
2017,6,8,18,2,0,11,0,0,5,42,0,20,68,80,40,5,82,10,3,12,28,22,66,1,0,4,3,6,0,0,5,
2017,7,26,13,80,151,72,241,9,6,11,1,17,64,4,13,0,0,0,0,17,105,28,105,46,155,208,62,0,0,0,3,0
2017,8,20,14,1,6,7,2,3,1,23,74,13,94,24,11,34,49,6,4,0,0,0,1,4,0,23,21,64,2,0,0,30
2017,9,12,44,45,13,0,0,2,7,5,15,14,6,0,16,0,0,77,25,45,34,33,1,0,51,7,0,42,3,23,4,
2017,10,0,0,0,0,0,2,17,7,15,14,0,1,4,0,0,0,21,10,0,30,13,15,0,0,0,0,0,0,0,0,0
2017,11,9,3,0,0,0,0,0,0,0,0,0,0,0,0,0,0,0,1,0,0,0,0,0,0,0,0,0,0,0,0,
2017,12,0,0,0,0,0,0,0,0,17,0,1,18,0,0,0,0,0,0,0,0,0,0,0,0,0,0,0,0,0,0,0
2018,1,0,25,1,0,0,0,0,0,0,0,0,0,0,0,0,0,0,0,0,0,0,0,0,0,0,0,0,0,0,0,0
2018,2,0,0,0,0,0,0,0,0,0,0,0,0,0,0,0,0,0,0,0,0,0,0,0,0,0,0,0,0,,,
2018,3,0,0,0,0,0,0,0,0,0,0,0,0,0,0,0,0,0,0,0,0,0,0,0,0,0,0,0,0,0,0,0
2018,4,0,0,0,0,0,0,0,0,0,0,0,0,0,0,0,0,0,2,0,47,0,0,1,0,0,0,5,0,0,1,
2018,5,3,0,6,0,9,2,0,10,0,0,1,51,0,0,1,0,2,16,7,23,16,0,0,0,2,4,0,0,0,0,19
2018,6,73,0,8,1,0,0,8,0,0,94,230,86,98,54,12,37,6,0,0,2,0,5,22,35,142,42,4,2,10,13,
2018,7,64,9,6,103,116,0,0,0,14,3,2,0,1,0,2,12,80,24,0,5,5,22,11,41,228,315,76,11,25,71,0
2018,8,40,12,29,13,2,6,4,3,1,0,3,21,0,0,0,0,13,4,10,6,8,9,8,2,3,0,0,7,111,18,65
2018,9,15,48,10,21,8,7,67,4,0,0,8,11,65,4,1,3,0,0,2,1,0,0,4,0,7,0,51,0,4,0,
2018,10,3,45,0,0,0,0,0,0,21,29,28,63,85,45,14,0,0,0,0,0,0,0,0,0,0,0,0,0,0,54,8
2018,11,8,0,0,0,0,0,0,0,0,0,0,0,0,0,0,0,0,0,0,0,0,0,0,0,0,0,0,0,0,0,
2018,12,0,0,0,0,0,0,0,0,0,0,0,0,0,0,0,0,0,0,8,0,0,0,0,0,0,0,0,0,0,0,0
2019,1,0,0,0,0,0,0,0,0,0,0,0,0,0,0,0,0,0,0,0,0,0,0,0,0,0,0,0,0,0,0,0
2019,2,0,0,0,0,0,0,0,0,0,0,0,0,0,0,0,0,0,0,0,0,0,0,0,0,0,12,0,0,,,
2019,3,0,0,0,0,0,36,46,0,0,0,0,0,0,0,0,0,0,0,0,0,0,0,0,0,0,0,0,0,0,0,0
2019,4,0,0,3,0,0,1,10,0,0,2,0,0,0,0,0,0,0,0,0,0,0,0,0,0,0,0,0,0,0,0,
2019,5,0,0,6,5,6,0,0,0,0,0,0,0,0,0,0,8,0,0,0,6,0,0,9,0,35,23,0,0,0,0,0
2019,6,0,0,2,12,8,22,3,30,26,6,0,0,0,30,21,4,2,0,3,11,1,14,0,0,0,0,4,20,6,0,
2019,7,0,24,38,61,35,62,94,31,16,125,61,21,4,67,37,0,0,0,0,0,0,1,2,91,5,50,80,32,11,0,3
2019,8,3,5,10,9,0,0,7,11,69,28,2,7,45,47,1,10,62,1,43,0,0,9,15,6,14,0,7,0,0,0,1
2019,9,30,11,1,2,5,13,20,85,115,22,140,53,47,1,0,0,0,14,0,1,10,10,40,0,0,0,3,0,0,5,
2019,10,7,44,0,0,0,1,11,0,0,55,81,57,0,0,0,0,0,0,0,0,0,0,0,0,0,0,0,0,0,0,0
2019,11,0,0,0,0,0,0,0,3,5,42,30,0,0,0,0,0,0,0,0,0,0,0,0,0,0,0,0,0,0,0,
2019,12,0,0,0,0,0,0,0,0,0,0,0,0,0,0,0,0,0,0,0,0,0,0,0,0,0,0,0,0,0,0,0
2020,1,0,11,1,14,1,0,0,0,0,0,0,0,0,0,0,0,0,0,0,0,0,0,0,0,0,0,0,0,0,0,0
2020,2,0,0,0,0,0,0,0,0,0,0,0,0,0,0,0,0,0,0,0,0,0,0,0,0,0,0,1,0,0,,
2020,3,0,0,0,0,0,0,0,0,0,0,0,0,0,0,0,0,0,0,0,0,0,0,0,0,0,0,0,0,0,0,0
2020,4,0,0,0,0,0,0,0,0,0,0,0,0,0,0,0,0,0,0,2,0,0,0,0,4,17,15,18,0,0,0,
2020,5,3,0,1,25,0,0,6,0,0,0,0,0,0,0,0,0,0,0,0,0,64,13,4,0,0,0,0,50,0,3,20
2020,6,0,0,21,31,0,0,14,32,4,3,0,7,20,0,4,20,123,253,202,25,11,35,9,13,5,0,46,29,29,0,
2020,7,6,4,17,1,55,161,18,10,61,46,11,11,32,58,10,1,0,10,16,40,101,139,14,65,19,0,0,0,13,13,2
2020,8,0,8,51,100,14,8,22,34,0,5,3,80,22,0,40,155,125,67,55,23,24,5,122,25,21,40,6,7,1,0,5
2020,9,0,2,0,0,0,0,8,1,7,52,28,0,0,0,10,19,0,0,2,1,12,60,81,46,24,50,18,5,0,0,
2020,10,5,0,0,10,1,20,0,0,0,0,0,0,29,0,32,0,34,1,0,16,4,23,119,123,10,0,0,0,0,0,3
2020,11,4,8,0,12,10,0,0,0,0,0,0,0,0,0,0,0,0,0,0,0,0,0,0,0,0,0,0,0,0,0,
2020,12,0,0,0,0,0,0,0,0,0,0,0,0,0,0,0,0,0,0,0,0,0,0,0,0,0,0,0,0,0,0,0
