Year,Month,,,,,,,,,,,,,,,,,,,,,,,,,,,,,,,
1991,1,27,24,27.6,25.4,****,24,26.6,25.6,27.5,27,27.6,29.4,28,27.5,27,27.5,27,25.5,26,27,25.5,26,27,27.5,27,26.5,27,27,26.5,26.5,27
1991,2,27,28,28,****,28,28,29.5,30,28.8,30.5,28.6,28.5,30,31,30.5,30,29.5,31.6,32.2,32.5,32.5,31.6,31.4,32,31.5,31,31,31.6,,,
1991,3,30.5,30.5,31.5,31.2,32.5,31,29.5,31.5,32,32,32.5,31,32,33.5,33,33.8,34.5,36,35,31.5,33,32,35,35,32.5,33.5,34.7,34,32,32.5,32
1991,4,31,31.4,30,32,29.5,31.5,32,32,32,33.5,33.5,35,36.7,34.5,32.5,32.8,33,33.5,33.5,33.6,33.5,33.5,33.5,33.4,33,33,31.5,30.2,26.5,31,
1991,5,31.5,32,31.5,31.5,31.5,31,31.5,31.5,30.4,31.5,32,32,32.4,32.2,32.5,32,32.5,32.4,32.4,31,32.5,32.5,32.4,30.8,32,33,33,31.5,32.8,33,31
1991,6,29,29.8,32.2,32.5,33,32.5,28.3,28.8,27,29,26.5,31.5,31.2,31.4,31.5,29,26.6,28.4,29.8,31.8,31.2,32.2,29.6,30.4,31.6,29.4,31.8,30.2,30,31,
1991,7,31.4,****,28.2,29.4,30.8,28.6,29,31.6,31.2,31.2,31.5,31.6,32,32.2,32,27.2,26.7,30.5,****,30.3,29,30.5,31.5,30.2,31.2,****,31.5,28,27.6,30,28.5
1991,8,28.5,****,27.8,27.2,29.2,30.5,31,31.8,30.6,30.5,29,28,31,30.6,30,28,31.2,30.6,32,33,33.5,****,27.5,30,27.8,30.4,31.5,31,31,****,31
1991,9,31.2,30.6,29.6,27,31.5,28.2,29.8,30,31.5,30,31.5,31,30.5,29.8,31.4,32,32,32.2,33.4,33.5,32,29,29.6,27,31,30.2,28.6,32.2,33,32.8,
1991,10,33,33,33,32,31.8,31.5,31.5,32,32.4,32.5,32.5,28,27.2,27.5,30,31.2,32,32.5,32.5,32.2,31.8,****,31.6,32.4,32.2,32,33.5,32.8,32.2,26,26.5
1991,11,28.5,29,29,25.5,30.2,30.2,29.5,29.5,29.5,29.5,30,30,30.4,29.8,30,30,30,31.2,30,29.5,28.2,28,28,27.2,27.8,27.2,27,27,27.8,27.2,
1991,12,27,27,27.8,27,27.3,27,26,28,28.5,29.5,29,28.2,29,29,28.2,29,28,28,28,28.2,27.5,28,27,27.2,27.2,27.5,24.2,23,22,21.5,24
1992,1,19.8,24,23,23,23,23,23.4,24,24.5,26,25.5,25.2,25.5,24.5,24.4,26.6,26,25.8,25,26,26,26,25.2,26.2,25,26.3,27.4,28.6,28,29.5,27
1992,2,26.8,26,25.2,28,28,28.6,28,26.2,25,27,28.2,25,25.2,27.2,26,26.8,27.3,26.3,28,27.7,25.4,25.2,26.3,20.3,26,28.5,27,26.3,27.4,,
1992,3,28.2,27.8,28,28.1,28.5,28.4,29,29,29.4,29.4,29.6,30,30,36,30.2,30.4,30.2,31.2,30,30.2,30.4,30,31,30.5,31,31.8,31,32,31.5,32,32.2
1992,4,34.5,32,32,32,31.5,32,32.5,32,33,32.8,33,33,33,33,33,33,32.5,32.8,33,32.8,32,32.4,33,32.2,31.5,34.5,34,35,33.5,33.5,
1992,5,34,29,32,33.7,33.6,33.5,33.4,33.8,34,33.8,33.5,34,34,34.3,34,34,34,33.5,33,33,32,30,31,32,32,32,30.4,31,32,31.8,33
1992,6,33.2,33.5,34,33.8,34,33.8,34,33.5,32,33.5,32.5,32.5,32,33,33,36,30,33,33,33,30,29.6,30.8,29.5,29,25.5,27.8,28.6,31,31.6,
1992,7,29,30,29,30,31.2,29,29,30.6,28.4,28.8,28.9,31.8,30,31.2,31.6,32,30,27.6,28.4,28,30.8,31,31.8,31,34,30,****,26,30.6,31,31
1992,8,31.8,32.5,32.8,31,29.4,29,28.5,29,30,31.2,32,33.5,32.6,32,31.6,31,31.8,31,28.4,28,31,31,31.8,31.2,30.5,30.6,31,31.5,32,32.5,32.5
1992,9,31,31,31.4,31.5,31,33,31.5,32,31.5,30.8,29.5,27.5,30.5,31.5,32,29,30.5,31,32,31.2,34.5,31.3,30.4,32.2,31.8,30,31.2,31.6,32,32,
1992,10,32.5,31.5,31.2,27.6,32,33.5,35.4,33.6,33.6,33,33,32.2,30.4,30.8,27.2,30.5,30.4,31,31,25,24.5,29.8,31,31,31.7,27.3,31,32.8,32.4,34,32.5
1992,11,32,30,30.4,32.8,30.4,32,32,31.5,31,30.5,28.8,30,30,30.5,30.5,31,30.5,31.2,29.2,25,27,30.2,29.5,29.5,28,28.2,29,28.5,29.5,27,
1992,12,24.5,24.5,28,29,28,26.6,27,27,26.5,27.5,27,26.8,27.2,26.5,25.5,26,26.8,26,26.8,26.5,27,27,25.6,27,27.5,27.2,27.6,27.4,27.4,27.2,27
1993,1,27,25.2,27,29,27,28.5,28,28,27,27.5,27.5,27.5,27,26.5,25.4,25.5,26.5,27,27.4,27,24.3,24,25.2,25,24.5,24.5,24.8,25,27,28,27.8
1993,2,27,27.6,28.5,28.8,28,29.3,29.5,29.6,31,30,29,27.6,27.7,27.5,28,28.3,29,28.6,28.5,26.7,23,26,26.5,27.4,28,28,28.5,30.8,,,
1993,3,31.5,31.5,30.5,31.8,30,32.4,31.5,30.5,32,30.8,30,30.5,29,29,30,30,30,31.8,30.5,29.8,25.8,29,24,29.8,29,29.4,29.5,30.8,30.8,31.6,32.5
1993,4,33,34,35,36.8,35,33.6,33.8,32,36.5,32,31,29,29,30.5,30.5,31,31.4,31.5,32,32.4,32,31.5,32,32.7,33,33,33,32.5,32.5,31.6,
1993,5,32.6,32.5,32.2,32.6,32,32.7,31,32.7,33,32,32,31,31.8,33,32.6,32,32,32.7,33.6,33.5,33.5,32.5,33,33,33,33.2,32,28.6,30.6,31,29.2
1993,6,26.8,30.4,32.6,32.8,32.4,32.8,32.8,32.8,33,32.6,29,29,31,33,27,30,29.3,28,27.5,26.5,26.6,30.5,30,30,29.5,30.4,31.5,32,32,29,
1993,7,27.7,32,32.4,31.5,31,32,32,31.6,26.5,31,32.2,33.5,32.8,27,30,29.4,32,31.6,30,31,29.6,25,29.8,30,31.5,32.2,32.5,32.5,32.4,32.5,33
1993,8,32,31,29,28,30,31,30.5,29,31.5,31,31,31,31,31.6,32.2,32,31.2,29.5,29,30,30,27.6,28,30.5,31.5,31,30.6,31,32,31.6,31.5
1993,9,31,28.5,30.5,31.5,30.5,31.6,31,31.8,32.2,32.5,30.4,29.5,29,31,31,31.4,31.5,32.5,30.8,32.5,30.4,31.5,31.5,30.8,32.2,32,31.5,31,32,32,
1993,10,31.5,27,32,32.6,35.5,33,31.5,33,33,33.5,33,33,31.5,32.5,32.8,33,32,32.5,32.5,33,32.5,31,32,29.5,31.5,32,31,32,32.5,31,27
1993,11,26.5,31.8,26,30.5,30,31.4,31.6,30.7,31,30,31.5,31.5,31.2,31,29,30,30.2,31,31,31,30.5,30.1,30.4,29.5,30,30,30.5,30.5,30.2,29.5,
1993,12,29.4,29.4,29,29,29,****,29.5,28.5,29,29.5,29.5,28.6,28.5,27.5,27.4,27,28.2,28,26,27,28,29.2,29,29,29,28.3,28.2,28,26.5,27,28.3
1994,1,28.8,28.3,28.2,30.5,28.7,28.2,28,27,27.6,28,28,28,29.2,29.6,29.5,28,27.1,24.6,25.2,26.5,27.6,26,27,26,27,26,28,28,28.4,28,28
1994,2,29,28.6,26,26.5,28,28.8,30,31,20.5,27.5,27.5,28,29,29.5,30,30,31.6,32.5,31,31.6,32,30,30.5,28,28,27.5,29.5,30.2,,,
1994,3,30.4,30,32,31,30.7,29.5,29.5,31.2,34,33,32.5,30,29.5,31,31,32,31,31,31,31,31,31,32,32.5,31.5,32,32,28.5,30,29,30.7
1994,4,30,25.5,31,31,32,31.8,31.5,32,32.5,36.3,36,33.5,35,34.8,33,32.5,32.5,27,31.5,31,31,32,31.5,32,32,32.5,36.5,34,33,33.5,
1994,5,31.5,29,30.5,32,31.5,32,32.5,32.5,32.5,33,33.4,33.5,34,33,33.4,33.6,33.8,32.6,33.5,33.4,32,29.5,32,30.5,32.5,32.5,33,33.5,33.8,33.6,33.5
1994,6,31.5,34,34.2,33.5,34,34,34.5,32.8,32,28.5,26.5,26.9,32,31,29,27,27.6,28,27,26.5,27.5,30.6,32.8,31,29,32,29.6,31.5,32,31.5,
1994,7,32.5,31,32.5,32,31,32,28.6,31.4,31.5,29,30,31.3,29,31,30,31,30.4,27.5,26.5,29.5,26.5,30,29,30,28.5,31,31,28.5,26,27,28.5
1994,8,31.5,31,30.4,31,30.5,31.5,30,30,31.4,30,30.6,30.5,31,27.3,28,31.3,31.5,31,31,31.5,31,30.4,31.5,31,30.5,31.6,31.5,30.5,30,30,32
1994,9,31,30.5,32.5,31.6,31,31.5,30.5,29,31,29.4,30,30,31,32,33,32,30,31.5,29,31,32,33,32,33,33.6,33.6,33.5,34,33.5,31,
1994,10,32.5,32,33,32.8,32.6,31.5,31.4,30.4,32,31,31.3,32,32,33,33.2,33,30.5,30.3,34,34,33,29.8,28.5,31.5,32,30,32,32,33,33,33
1994,11,33,32,32.5,32.7,32,32.8,32,32.5,32.5,30.2,31.4,30.5,30.5,32.4,31,31.5,31,30.1,30.5,30,32.5,31.5,31.9,26,21,27,28.7,29,29.2,28,
1994,12,28.5,28.8,29,28.5,27.5,28,28.8,28.5,28.3,28,29,29.5,25.8,27.2,27,28.5,29.5,28.3,29,27,26.7,26.5,27,27.5,27.7,28.5,27.5,28,28.4,27,27
1995,1,26.5,26,25.3,24.5,27,28.5,30,28,27.5,28.5,28,27.5,26.5,25.3,27.4,29.8,29,27,27,27,26.8,26,25.5,25,25,25,26,28,28,27.5,27.5
1995,2,25.5,27.3,27.3,28.8,30,29,28,27.8,28,27.5,27.5,27.7,27.3,29.5,29,29.3,28.5,29.2,29,27.5,29,28.8,29.3,28.3,31,28.5,28,29.5,,,
1995,3,30,30,32,32,32,31.5,32.4,34,33,32,33,32.5,32.6,33,31,33,30,35,36,35.5,35.5,33,34.5,32.4,32.5,31.5,31,31.5,32,32.5,32
1995,4,32.5,33.5,35.5,33.5,33,33.3,32,32.3,33,32,32.3,33,32,32.3,33.4,33,33,33,33.5,33.5,33.5,33.5,34,33.5,34,34.8,34,34,35,34,
1995,5,34.5,34.8,35,34.6,34.6,35,35,35.5,35,****,31.5,33,34.5,31.4,29,30,30,32.5,32,32.7,32.4,33,33,33.5,33.6,33.5,****,34,****,34.5,32.8
1995,6,31.5,33,31.5,32.5,33,32.5,32,32.5,33.6,27,27.2,25.2,29,31,32,31.8,31,32,32.5,28.5,32,31.5,31,30.2,32,32,31.5,31.8,31,32,
1995,7,27.4,28,30.6,28.5,30.5,31,31,32,31,32,31.4,31.5,30.8,30,28,28.2,30.5,31,31,30,28,30,31.8,31.5,31,32.5,29.5,31.4,31.4,26.5,31
1995,8,31.4,28.2,30,29.5,32,31.5,32,29.5,32,32,29.5,30.8,29,26.5,31,31.5,32,31,27,31,30.5,31.2,30.5,31,32,32,33,33,33,32.5,33
1995,9,32.5,27,26,30.8,27,****,31.5,32,31.8,29,31.6,32,33,34,31,32.4,31.5,32.5,32.6,32.4,****,32.4,31.5,32,****,28.4,31.5,30.5,31.5,32.2,
1995,10,33,34,32.5,32.5,33,30.5,32.5,33,32.5,32.6,33.5,33.5,33.5,33.2,34.4,34,33.5,29,28.5,32,32,32.5,33.5,33,34,32.5,33,33,34,33,26.5
1995,11,25,28,31,31,32.5,32.5,33,34.5,33,25.5,25,29,29.2,30.5,31,27.6,28,26,****,28,29.5,30.5,30,25.5,23.5,27,27.5,26.5,28.5,28,
1995,12,28,28.5,28.5,27.5,27,28.5,28,27.5,27.5,27,28,28,28.2,27.8,27,28,28,27.1,27.5,26.5,27,28.4,28.6,28.8,28.5,29.5,28.5,27.5,26.5,26.5,27
1996,1,27,27.5,27.5,27,28,27.8,27,27.6,26.5,27,27,27.8,26.8,26.6,27,28.2,27.8,27.6,27.2,26,25.5,25.5,25.3,27.6,27,27.5,26.8,26.6,26.5,27.5,26
1996,2,28.2,29.5,29,28.5,28.6,31,29.7,29,31,31.8,31,28.6,27,28.5,28.8,30.5,31,29,30,30,28.5,25.5,23,27.6,28.6,28.5,31,29,31,,
1996,3,30.5,30.5,29.2,29.4,30.5,30,31,30.4,29.5,29,30,30,30,30.5,30,30.5,30.8,32,32.7,32,31,31,31.4,31,31,31.5,30.6,31.5,31.6,31.5,32
1996,4,28.2,31.8,32,31.5,32,31.8,32,32.8,32.8,33,32.8,33.8,33.8,34,34,33.8,33,33.5,33,34,34.2,31.6,34,33,33,32.6,33.5,33,33,29.5,
1996,5,33.5,33,33,33.5,33.3,34,32.5,31.4,32.5,32.8,32.8,31.5,32.5,33,32.5,32,33.5,33.5,33.5,33.5,34,33.4,34,34,34.5,33.5,31.4,31.5,33.5,31,31.5
1996,6,32.6,32.5,32.5,23.8,30.5,32,33,33,33,32,33,34.5,34.5,34.6,33,34.5,32.2,28,27.6,27,30.4,31.2,32,32.5,29.5,31,31.2,27.5,30.4,28,
1996,7,30.4,29.3,30.5,30.6,29,30.6,31.6,31.5,32.8,32,32.4,33.4,33.5,33,34,33,32,32.6,32.5,31.5,32,30.5,30,30.2,27,27.8,30,28,31.5,33,31
1996,8,33,29.4,28.5,31.5,29.5,28,28.5,27.2,31,31.5,32,31.3,31,30,31,29,30,29.4,27.5,28.2,27.5,28.5,31,30.6,30.5,32,28,31.4,29.5,31.5,32
1996,9,32,32.6,31.7,31.5,31,31,32,32.7,33.8,34,32.4,34.4,34.8,35.5,33.8,29.4,27.5,27,31,30,28.2,30.3,31.5,28,32.5,28,31.8,31.5,32,33,
1996,10,34.2,32.3,27,30,26.5,28.7,30.3,31.5,31.5,32,32.5,33.5,34,33,33.6,33.8,32.5,33.5,33.5,34,34.5,34,33,34.5,34,31.6,28,25,27.5,27.2,29.5
1996,11,30,31,31.4,31,32.5,31.5,30.8,31.6,32.5,32.5,30.5,29.5,30,31.5,31.5,30.5,30.3,31.1,31,32.2,31.5,29,28.8,28.5,29.8,29,30,29,29,30.2,
1996,12,30.5,30.4,29.8,30,31.8,31,29.8,28.5,28.8,28.4,28.4,28.2,28.2,27.2,26.4,27.5,27.6,28.1,29,30,29.8,28.8,28,29,28.8,28.5,29.6,28.2,27.5,27.6,28.6
1997,1,29,27.7,27.8,28,27.5,27.8,27.7,27.2,27.5,28.5,28.3,28.2,28,27.5,27.4,27,27.6,26,27.2,27.7,22.8,25.1,23,23.5,24.4,24.7,25.2,27,28,27.5,27.6
1997,2,21,26.5,27.5,24.2,26.6,27.2,27,24.5,26,27.5,29,27.2,27.2,28,28.5,28.4,28.5,29.2,30.3,28.8,29.8,31.5,29.2,29.8,30.8,31.5,30,29.5,,,
1997,3,30.5,32,32.7,30.5,29.5,33.3,32.5,31.5,30.5,30,29.8,30.3,31.5,31.6,31,32.6,32,33,31.6,31.5,31.6,31.5,22,30.4,29,32,30.5,31.7,30.2,30,30.6
1997,4,30,31.5,31.8,32.5,29.6,31.5,32.8,31,30.5,31.4,31,28,29.8,29.5,31.5,31,32,30.5,34,32,33,32.5,33,32,33,32.3,32.5,32,32.5,34.5,
1997,5,33.8,34,34,34,34.5,34.4,32.7,35,34,34.5,34,35.5,35,35,35.5,35.4,35.3,35,26,31.5,32,32.5,28.3,32,32,31.6,29.6,31.5,30.2,32,33
1997,6,33.6,33,33.5,33,33.2,30.5,31.7,31.8,32,32.5,31.2,31.2,30.8,29.8,29.5,31.7,30.5,31.8,30.3,30.2,30.6,31,31.5,31.5,32.8,31.5,31.5,32,32.4,28,
1997,7,29.6,27.5,28,28.5,28.3,30.2,28.5,29.5,28.6,27.5,28.8,30,30.5,31,32.3,31.7,31.2,29,26,29.5,28.4,30.5,31.8,32.5,32,31.4,32,31.2,31.7,29,28.2
1997,8,28,29.6,31,32,28.2,31,31,31,30,31.3,31.5,30.2,28.5,27.8,31,31.3,32.7,32.5,32.6,32.2,32,32.5,33.5,32.5,32.2,33,35.6,31,30.5,31.5,32
1997,9,31.5,31.5,32,30.8,30.8,29.5,28,30.5,31.7,32.3,32.4,31,30.5,31.2,30.2,31.6,32.5,31.5,31.4,33,34,33.3,33.5,33.6,26.5,28.5,28.2,31.4,32.4,30.7,
1997,10,30,31.5,32.5,32.2,32,33,31,25.6,31,32,32.5,33.5,33.4,32.8,32,31.3,32,32,32.8,30,32,32,30.4,32,33,33.2,32.8,33,33,32.5,33
1997,11,32.5,32.8,32.8,33,34.5,34,32.7,31.5,32,33,29,31.7,31.5,31.4,31.3,30.5,29.4,28.5,28,29.5,31.5,31.6,30.5,31.5,31.6,32.5,32.3,32,31.4,31,
1997,12,32,30.4,31,29.8,30.7,32,31,29.5,29.5,28.5,26,26,27,25,28,27,25,27.5,26.4,25.5,24,24.6,24.5,26.5,25,26.2,28.5,27.8,28.2,29.2,29.3
1998,1,27,26,24.6,25.2,24,25,24.5,23.4,20.8,21.5,21,24.6,26.6,25.5,27.8,28,28,22.6,27.3,27,28.5,24.3,26,26.2,27.5,30.6,30,31.3,29.5,28.6,28.5
1998,2,27.7,29,29.7,31.6,29.6,27.5,24.5,27,28,28.6,31.2,29,29.7,29,27.5,27.8,28.6,29.5,25.6,23.7,27,29,31.4,31.8,30.7,30,30.2,30,,,
1998,3,30,31,30,31.5,33,32.4,29.5,30,30.5,30.6,32,31.4,32,31,32.2,32.7,33.7,34,35,32.2,32,31.4,31.8,31.5,25.5,34.5,34,32.4,34.5,32,32.8
1998,4,31.6,33,31.8,32,32,32.6,32.2,32.6,32.7,33,32.6,33.3,33.2,34,34,34.2,36,34.5,34.1,34,33.7,30.5,31.5,32,33,33.6,33.3,34,34.5,34,
1998,5,33.8,34,34,34.1,34,33.7,34.3,35.2,34.8,35.2,36,37.2,37.5,37,35.5,35,35,35.8,27.5,30,32,33.7,33.6,34.2,****,33.2,28.2,29,33,34.5,31.2
1998,6,34.2,34.2,34.6,34.2,34.6,34.5,33.7,34.5,****,34,34,34.5,35.2,36.2,34,31,32,33,32.8,32.5,33,32.5,31.4,31.5,33,32.2,33.5,32.7,33,33,
1998,7,34.7,32.4,30.5,33,28,28.5,30.3,31.5,31,31,30.5,30.8,30.8,29.4,29.5,27.5,30,30,31.6,32.5,33.3,33.5,32.5,31.3,31.5,32.6,31,33.5,33,33.5,31.2
1998,8,33,32.2,32,29.4,29.5,32.5,32.4,32.5,33.5,32.8,32,28.2,28.3,28.5,31.4,31.4,31.5,31.5,33.5,34.2,34.5,32.4,32.5,33,31.8,31,30.5,30,29.6,31,31
1998,9,31.8,32.5,32.7,33.2,31,28.5,29.5,30.5,29,30,32.2,32.3,32.6,33.5,33,33.5,34.2,34,34.4,33,34.6,34,34.3,34.8,35.2,37,33,34,34.8,33,
1998,10,34.5,35.2,34,35,35,36,36.3,35.4,35,35.4,35.6,35.3,31.5,33.5,33.3,33,34,34.4,34,32.1,30.4,33.3,33,33.2,34.2,34.2,35.4,35,34,34,34
1998,11,34,32.8,33.7,34.5,34.3,34.2,34,33,33.8,34,34.3,32.8,34.5,34.2,34.1,34,34,34.5,34.2,34.8,34,33.5,28.2,30.5,33,31.4,31.5,32.3,32,31,
1998,12,30,31,31.4,29,29.5,29.5,29.8,30,29.7,30,29.8,29.5,31.2,31.4,30.6,32,31.2,29.5,28.5,29.4,29.1,31,30,30,30,****,29,28.6,28.5,27.5,27.5
1999,1,27.4,27.5,29.5,29.8,28,28.2,27.7,29.6,28.5,24.7,25.8,27.7,27.8,27.5,27.7,28.2,28.2,28,28,28,29,29.5,31.3,30.2,30.2,29,28.2,29.5,30.2,29.6,29.2
1999,2,27.5,27.8,30.5,31.5,30.6,30.7,30.5,32.5,31.5,31.5,32,33,32.5,32.5,33,31.4,32,33,33,32.9,33.1,32,32.5,33,33.5,33.5,35.4,35.5,,,
1999,3,33.5,34,32.5,33.5,34.5,35,31.7,32.5,32.3,31.6,32,32,32.2,32.5,36,33.6,32.2,32.4,33.2,34,34.5,35,35,33,33,32.4,33,33,33.5,33.7,33.5
1999,4,33.5,34.5,33.8,33.5,32,31.2,34.3,34.7,34.2,34.5,34,34.8,35.3,34.8,35,35.6,35.5,35.3,35.4,35.5,35.6,35.6,35,35.7,36,36.2,36.3,36.5,35.5,35.5,
1999,5,35.9,36.1,36.2,36.3,35.6,33.8,31.5,31.6,32.2,33.8,33.6,33.3,33.6,33,33.5,33,32,31,31.2,30.6,33.2,31,30,32,33,32.5,33.3,30.5,29.2,32,33.2
1999,6,33.5,33,33,33.2,33,32.6,34.4,35.7,35.2,31,30.8,32.6,32.6,32.7,32.6,33,33,31.7,29.2,28,27.7,28,27.9,31.4,29.5,29.5,30.4,31.1,31.7,32.5,
1999,7,28.2,29.6,30.4,32,32,32,29,32,31.7,33,33,28,29.8,31.6,32,33.4,32,31.5,29,28.1,31,30,32,31.6,33.5,31.6,32,32.5,30.6,32.6,33
1999,8,32.4,28,31.7,28.6,33.5,29.5,27.4,28,28.9,31.6,31.5,29,29,30,31.6,31.5,31.6,31,30.4,28,31.3,32.5,32.6,33,31.3,31,27.8,28,31.5,32.5,31.7
1999,9,32,32.5,31.5,33,32.9,32.5,32.5,34,33.4,32.5,31.5,27.2,30.8,30,31.7,31.8,32.2,31.5,32.5,29.4,26.5,28.5,28.6,32,32.3,32.4,32.6,33.7,33.7,32.5,
1999,10,34,33,34.3,33,32.8,33.2,32,32.5,29.5,32.5,33.4,32.6,33,33,35,34.2,33,28,27,33,33,33.8,33.6,33.8,33.7,33.7,33,31.8,28.3,30.2,32.5
1999,11,33,32,32.5,33.4,33,32.6,32,32.3,32.7,32.4,32,31.8,31.6,31,31.5,31,32.1,31.7,30.4,31.2,31,30.7,31,31,31.8,31.2,30.2,30,30.5,30.8,
1999,12,31,30.8,31.4,31.2,31,31.1,32.2,33,24.6,26.2,25.5,29.5,29.5,29,28.5,28.2,28.2,29.2,30,30,29.4,29,28.6,25.2,27,27,26,27.6,25.5,27.4,27
2000,1,26.5,27.5,28,27.6,26,26.4,25,25.5,25.5,27.4,27.4,29.7,29,30,30,31.7,28.5,25.6,26.6,26.8,28,28,27,28.2,29,28.4,29.9,29.8,29.8,27,27.1
2000,2,28,28.2,28.7,29,29,30.4,26,29.3,28.6,28.5,30.4,30.3,30.1,31.5,30,29,27.8,24.5,28.5,29.7,31.5,30.1,30.9,28.6,29.5,26,31.5,30.6,28.4,,
2000,3,28.8,29.2,30.5,29.8,30.5,29.7,31.8,31.6,23.8,30,30.4,30.2,30.5,29.5,30.5,31,31.5,31.2,32.5,32.2,34.4,35.7,35.6,35.8,34,31.6,32.6,28.5,28.5,31,31.5
2000,4,31.7,31.6,32.5,32.7,32.8,32.2,32.6,32.8,33.5,33.8,33.3,33,33.4,33.5,33.6,34.8,34.5,34.3,34.4,34.5,34.8,34.5,34.2,33.5,32.3,32.7,33.6,33.5,34,33.8,
2000,5,33.4,33.6,34,35.7,29.2,32,32.2,32.2,33.3,33.8,34.3,34.5,34,34.6,34,30.6,33.6,33,33.2,30.6,25.5,31.8,27.5,27.4,31,27.4,32.1,32.2,32,33.2,34.2
2000,6,34.5,33.6,34.5,35.2,34,31.6,32.4,27.4,30.6,29.6,29,28.8,31.5,32.8,33,33,33,30.5,31.5,28.5,32.6,31.5,30,****,30,32.6,33,32.5,33.5,33.5,
2000,7,33.7,34,34.2,34.8,33.5,33.6,32,33,31.4,32.4,33.7,29,30,28.2,31.3,32.4,29.5,28,28,28,27,30.2,30.5,28,30.5,28.5,31,32.2,32,32.2,32.5
2000,8,31.2,29,30.6,26.5,31.7,32.6,32.2,33.7,33.4,33.2,29.2,30.3,30.5,30,29.2,28.5,30.2,33,33,32,32.8,33,33.2,34.4,34.5,34.6,33.5,33.6,27.4,27.4,28.2
2000,9,29,28,27.9,31.7,31.2,31.8,32,27.8,31.5,31.8,32.7,34.6,32,31.8,32.5,32.5,31.5,31.3,32.4,33.5,34,34,33,33.5,33.5,30.4,32.6,33.7,32.6,30.8,
2000,10,25.5,28.6,29.2,32.2,32.8,33.5,32.6,33.5,33.8,33.9,34.6,35.2,35.2,35.5,36,34.5,31.3,29.1,33.8,33.8,34.3,33.8,33.2,33.2,34.5,33.7,26.4,27.2,31.5,31,32.8
2000,11,33.5,33.2,33.2,33,32.7,32.5,32.2,32.2,32,32.5,32.8,32.2,32.6,32.4,31.7,31.8,32.8,31.8,31.5,31,31.6,32.7,32.2,31.5,30.8,30.6,31.9,25.4,26.4,29.1,
2000,12,29.5,29,27.2,28.4,28.2,28.3,29.8,29.8,28.5,28.5,28.4,28.5,27.4,27.3,27.5,28.3,28.2,28.4,28.5,29.2,29.7,28.7,29.2,29.5,30.4,30.5,30.5,30.6,30,28.5,29.3
2001,1,29.2,30.2,30.5,28,25.6,25.5,26.5,26,26.5,27,25.5,26,26.6,28.5,27.7,27.8,27.5,27,28.8,29.8,30.5,29.3,29,28,26.8,25.4,25.8,26.5,27.6,27.5,28.2
2001,2,28,29,30.5,31.5,31.7,32,28.9,28.1,29,28.7,29.5,30.3,30.5,31.5,32.2,31.5,32,32.5,30.8,30.6,30.5,28.8,30.8,30.4,29.6,30,30,31.3,,,
2001,3,33,33.8,34.7,34,32.7,31.7,32,32.4,33.5,32.8,34.3,33.2,35.5,32,31,31.8,34.4,35,33.5,36.2,35.7,33.5,36,33.8,33.5,34,33.2,33,33.5,33.6,34
2001,4,34.2,33.8,34.5,35.5,36.6,36.7,34.5,34.5,34.3,34.4,34.5,33.8,34.9,34,33.5,34.5,34.8,34.6,34.5,35.2,35.3,35.2,35,35.5,34.8,34.8,34.5,34.5,35,35.6,
2001,5,35.4,35.5,35,33,30.6,33.7,33.2,30.2,33.5,33.2,32.2,26.5,31.5,32.5,33.7,31,34.6,34.6,35,35.4,32.5,33.4,30,30.5,33,33.7,34.1,34,34.4,34.7,29.5
2001,6,33.7,32.6,28.5,26.4,31.8,33,32.5,32,32.4,32.8,33,30.5,29,30.4,27,26.9,27,28.5,31.5,27.3,29,30.7,31.5,32.6,32.7,32.5,32.5,30.5,27.4,29.2,
2001,7,26.5,30,30.5,32.8,32.5,32.2,32.5,32.6,29.4,28,30.2,30.5,31.2,32.1,32.5,32.4,32.3,31.6,31.8,29.2,31.5,30,31,30.9,31.2,30.5,30,32.4,32.8,33.8,31.2
2001,8,31.5,29,29.9,30.7,32.5,33.4,32.8,31.8,31.5,32.4,33.3,33.2,29.9,30.8,30.5,31.5,31.8,33.5,33.7,33.8,32.5,32.4,33.3,31.7,31.8,31.4,32.8,33.2,34.1,32.7,33.5
2001,9,33.3,33,33,32.8,32,30.6,32.8,32.5,30.2,32,31.5,32.4,32.2,33,33.6,29.2,29.5,29.4,27.5,32,32.8,33.7,32.6,32.8,33.9,34.9,33.7,36,35.7,34.3,
2001,10,33.7,33.3,32.8,33,34.6,34.2,34,34.4,35.2,29,33,33.5,34.2,33.7,34.2,34.8,34.2,33.3,32.5,33,34,35.2,35.3,35.2,34.4,33.7,26.3,24.6,27.7,26.8,27.8
2001,11,28.3,31.5,31.4,31,32.6,33.5,30.7,28.5,33.5,28.5,26,26.5,31.6,31.4,32,31.8,31.5,31,30.8,30.6,30.5,30.3,30.2,29.5,30,30.4,31.3,30.3,29.5,28.5,
2001,12,28,27.8,28,27.9,28.4,29,28.5,29.1,29,29.5,28.4,27.7,28.5,28,29.5,28.6,28.2,27.7,29,27.2,27.5,26.7,27.7,27,27.8,28,27.7,28.3,29.6,28,26.7
2002,1,27.2,28.5,29.4,29.5,29.4,28.2,27.9,23.5,26.8,27,26.3,26.8,28.3,28.3,28.5,28.8,29.4,28,27.5,29.6,29.4,30.5,29.5,27.2,27.8,26.8,28,29,25.2,25.7,26.6
2002,2,26,27,26.2,27.4,27.5,28.1,30,29.2,33,32.8,33,34.8,31.8,27.6,28,29,31,31.2,31.5,32.6,32,33,32.2,33.5,34.8,32.5,32.3,31.6,,,
2002,3,32.5,32,33,32.5,33,33.4,33.5,33.8,33.2,32.5,31,31.6,32,33.5,35.4,35.1,36,36.2,35.5,33.5,35.4,33.4,32,31.1,31.6,31.9,31.5,32.8,32.3,34,32
2002,4,32.3,32.1,28.5,31.5,32,34,33.2,32.4,32.7,32.9,30.2,33.2,33.5,33.2,32,32.1,32.8,32.6,33,32.4,33.4,32.4,33.1,33.5,33.4,33.5,32.7,33.2,34,34.2,
2002,5,33.6,34.5,34.2,34.6,33.5,33.3,32.6,33.3,30.5,32,31.3,34,32.5,32.5,33.1,32.7,33.4,33.7,33.4,33.6,34.2,33.4,33.5,32.6,33.2,32.2,30,30.5,31.5,33.1,33
2002,6,33.4,33.5,34,34.5,30.4,33.8,32,33,33.2,28.5,33.4,30.3,29.4,32.5,32.8,33.7,33.6,34,33.8,32.7,29.5,30.5,34.2,31.4,29.5,32.2,33,32.7,30.5,31,
2002,7,27.7,28.5,28.5,31,32.5,32.6,31.5,30.2,32.3,31,31.8,31.8,33.3,32,32.4,32.7,31.5,33.2,32.4,28.6,30,29.6,27.1,32.3,32,30.8,31.8,32.4,31.6,32,33.4
2002,8,32.5,32,30,32.4,32.8,32,32.7,34.8,31.8,32.5,31.7,28.6,31.3,29.6,29.1,27.4,32.1,32.3,32.2,32.5,32.9,32.7,32.5,32.5,32,30.4,32.4,31,32.2,32,32.1
2002,9,32.7,33.5,33,33.4,33.8,32.4,35,31.5,30,31.4,31.2,32.7,33,33,33,32.8,33.1,33,33.6,34.3,33.5,33.5,31.5,32.3,32.8,32.6,31,32.4,33.1,33,
2002,10,33.6,34,33.7,33.6,33.5,34.2,34,34.2,33.1,34.5,33.5,34,33,25.3,24.4,31.5,32,32.5,32.5,27,32.2,32.8,33,31.5,32,32.2,32.6,32.2,31.4,31,31.6
2002,11,30.5,33.6,30.8,32,32.2,32.7,31.6,32.5,33,33.4,29,25,28.5,28.8,28.9,30.2,30,29.6,29.4,29.5,29.3,29.6,31,30.4,32,26.1,30.5,29.5,29.6,31.5,
2002,12,30.3,30.5,31.4,30,28.8,26.2,26.6,27.3,27.9,27.5,27.6,28.5,27.8,27.7,27.5,28.4,28.4,27.8,28.8,29.5,29.5,29,28,27.6,26.5,27.3,27,26.4,26.5,25.2,28
2003,1,29.3,26.5,30,28,25.5,25.4,27,23.8,21.8,23,21,24.2,24.6,21.5,23.5,27.2,28,28.6,28,27.6,26.7,24,25.3,27,29,28.2,28.3,28,29.5,28.8,28.4
2003,2,30,30.5,29.8,27.9,25.8,29.2,29.4,29.9,30.5,30,31.3,32.4,29.9,25.5,29.9,30.4,30.2,31.6,32.2,32.4,32,30.2,29.6,30,31,31,31.4,32.2,,,
2003,3,33,33.5,32.8,31.7,30.4,30,29.8,31.8,31.2,32.5,31.4,30.2,30,31.5,30.4,30.2,24.6,25.6,29.5,31.5,32.5,30.9,31,31,31,31.1,32.8,32,32.8,31.6,31
2003,4,31,32,31.8,32.6,34,34.5,33.5,33.8,34,33.4,33.6,32.6,33,33.6,33.5,34.4,33,33.3,34.4,33.9,34.5,34.6,34.6,34.5,35.2,35.4,34.5,35.5,36.6,35,
2003,5,33.5,32.8,32,33.3,33.8,34,34.6,35,35.8,35.6,35.2,35.4,34.2,28.2,31,26.3,31.8,33.8,33.5,34.3,31.6,33.4,33.4,33.6,33.5,33.8,34,32.5,34.4,34.4,35
2003,6,35,35.2,33.4,28,27.5,32.4,31.6,30,30.5,25,25.2,26,28.2,32.7,31.1,31,29,31.2,32.5,30,27.4,26.6,30.2,32.5,27.7,30.6,32,31,31.5,29,
2003,7,31.7,32,31.5,32.2,32.8,32.5,32.5,33,32.6,33,31,32.4,32.7,32,34.1,32.7,33,32.7,32.4,31,32.7,31.9,33.5,33,32.2,31.1,32,31.4,30.5,28.8,31
2003,8,31.3,31.7,32,32.6,33.4,33.8,33.5,33,30,32.3,32.2,28,31,31,30,33,33.1,32.3,31.5,33.5,34.2,31,33.5,31,33,34,32.5,32.5,28,32,31.5
2003,9,31,30,31.5,31.6,33.2,32.5,27,30.6,32.4,32.2,31,32.3,33.4,32.6,32.5,32.2,33.2,33,32.5,32.6,32.2,33.2,33.5,32,33.1,33,33.2,33.2,33.7,34.4,
2003,10,32.5,34.2,34.8,35.3,35,34,33.1,27.2,29.5,31.8,29.2,31.5,33.5,33.8,32.2,33.8,33.5,33.2,34,34,34,33.6,33.6,33.5,33,33.6,34.2,33.5,34,33.6,34.2
2003,11,33,34,33.4,32.3,32.4,32,32,31.5,31.8,32,32.4,32.7,32.5,32,31.8,30.8,30.5,30,30.8,31,31,30.1,29.9,30,30.5,30.4,30.6,29.5,29,28.7,
2003,12,29,30,29.5,28.6,29.4,30,29.5,30.5,30.2,30.5,31,30.2,30.5,31.2,31.5,30.8,28,31,29.2,30,29,28.8,29.1,28,27.4,26.8,28,29,27,24.3,27
2004,1,25,23.4,25,23,26.2,27.5,26.6,26.6,25.5,25.2,29,28.2,27.9,27.5,28.5,28,27.8,27,28.6,27.6,27.4,28.5,28.6,29.2,27.6,23.2,26.4,25.8,25.7,27.5,36
2004,2,31.2,30.5,28.5,26.2,25.5,23.5,28.5,28,28,28.4,28,32,31.7,31,30.8,28.4,31,32.3,29.5,29,29,32.2,29.4,29.2,31.1,29.5,30,30,30.2,,
2004,3,30.6,30.6,31.5,33.6,31,31,32.5,35.6,32,23.8,30.5,32,33.8,35.2,32.4,32,31.2,32,31.6,32.2,31.5,31.8,31.8,31.8,32.4,32.8,32.7,33,32.9,33.2,33
2004,4,33.5,32.2,32.8,32.8,33.1,33,26.4,31,31.5,31.3,32,32,32.1,32.2,32.5,31.5,32,32.8,25.5,32,32.4,32,32.6,34,33.4,33.8,33,33.6,34,33.5,
2004,5,35.4,34.5,35.2,37.3,36.3,34,35,34.5,34.5,35,35.4,33.9,34.7,35.2,35.2,35.9,36.8,32.6,30,33.4,33.2,33.7,28.5,33.2,33.4,33.5,34,33.8,32.7,33.7,33.7
2004,6,33.6,32.9,31.6,33,31.7,33,33.8,33.9,34,35.1,36,35,33.9,32.6,30,32.8,32.3,27.2,27.9,28,31.8,31.8,33.3,30.5,32.5,32.8,33,31.2,32.4,33,
2004,7,32.8,34,32.7,30.4,31,32,29.8,32.2,27.7,29.4,27.8,32,32.7,31.4,28.5,29.8,29.5,32.6,30.6,26.4,31,32,33,33.2,32.4,31,32.7,31.1,30.8,31.5,32.5
2004,8,32.8,34,34.8,31.3,29.6,30.9,31,31.8,31,30.8,29.5,28,28,30,31,31.6,32.2,31.9,31,31.5,33,32.6,32,31.7,32.2,32.6,29,32,29.6,31.7,32
2004,9,32.4,31.6,31.2,30.5,31.5,32.5,33,32.5,33,33,27.6,28,29,27.2,31,29,32,32.2,32,32,33,30.4,31.8,32,33,33.4,36.6,33.8,34,34,
2004,10,34.7,33,34,32.8,26.5,28,28,29,31,32.6,33.5,32.6,32.6,28,26.7,30.6,31.8,33,33.8,34,34.6,34,33.5,33.8,34.2,33.5,33.7,32.6,32.8,32,31.5
2004,11,31.4,31,31,32.5,33.4,33,31.5,31.7,31,29.8,30,30,30.8,30.2,30.5,31,31,30.5,30,30.4,30.4,30.4,31.2,31,31.8,32,32,31.4,32.5,32,
2004,12,31,30.2,31.2,30.6,31,30.6,31.2,30.5,30,30.1,31.2,32.2,32,30.5,29.8,29.6,30.5,30.5,29.5,28.6,29.1,29,29,30.5,29,28.3,26.5,26.2,25.5,26,26.3
2005,1,27.5,27,28.7,28.8,29.5,27.7,28,27.2,26,27,26,26,26,25,25.7,27,29,28.5,28.1,27.5,26,25.2,27,26.6,26.8,26,26.8,28.4,26,28.2,29.5
2005,2,30.5,25.8,25,26.1,27.5,29,31.2,31.5,31.5,31,30,31,30,31.4,29,29,29.5,30,31,29.5,31.5,31.3,32,32.2,30,31,31.7,32.5,,,
2005,3,32.9,33,31.5,31.5,32,31,32,31.8,32.2,31.5,32,32.5,32.5,33.2,31.5,31.6,33,32.5,32.7,32.8,32,32.7,32,32.7,23.5,30.8,32.4,32.6,32,32,32.2
2005,4,34.6,37,37,34.6,34.6,33,32.6,33,33.6,29.5,32,32.5,33.4,33,33,33,32.8,33.6,34.5,37.5,34.5,35.5,33.7,34,34.5,33.8,34,33.5,33,34.4,
2005,5,34.5,34,33,33,33,33,32.5,33,33.3,34.2,34,34.8,34,34.5,34,34.8,35,35,35,34.6,34,32,33,33.3,33.6,34.2,34,34.4,34.5,34.8,34.5
2005,6,35,35,35.2,35.4,33.5,33.8,34.8,34.8,35.2,32.5,31,33.8,33,32.5,33.8,32.5,33.5,33.9,33,34.5,34,33.4,32,27.4,28.2,30,28,29.6,27,29,
2005,7,28,28,27.8,28.3,29,30.2,33,31.6,30.3,31,31.8,32.3,32,32,32,32.2,32.5,32.3,32.9,31.3,31.5,32.5,32,32.7,32,31.8,31.2,32,31.5,27.6,30.6
2005,8,32.6,30.4,30.2,30,30.5,31.5,31.7,29.6,29,31,28.2,30.6,31.2,31,31.7,31.4,31.5,31.5,31.4,28.6,31,29.5,30.8,28.5,28.5,28.5,31.2,28.6,31.4,31.5,31.4
2005,9,32.4,28.2,32,33.4,34.4,34,34.5,33.3,29.6,32,32.9,31,32.4,32,34,31.2,32.3,32.7,32.5,30.4,32.4,29.8,31.5,30.8,32.2,33,34.6,33.5,31.5,27.8,
2005,10,28.8,32,32,32.2,32.4,32.7,33.4,34,34,33.7,34,34,34.4,34,33,33.2,33.4,33.5,33.3,32.8,33,33,32.7,30.5,34,33.9,32.2,27.2,31,30,29.8
2005,11,29.1,31.4,32,32,32.1,30.7,32,32.5,26.8,31,31.6,31.4,29.8,29.2,29.5,30,30.4,29.5,30.2,31.2,31,30.2,30,30,29.6,29.5,30,30.4,29.6,29,
2005,12,29.4,29.8,29.3,29.2,29,29,30.4,29,30.4,30.2,29.5,29,28.5,29.5,30.6,31.4,31.5,29.6,28.5,29.2,28,25.8,23.5,28,28.5,26.6,23,28,28,27.8,26.6
2006,1,27.7,27.2,27,27.5,27.4,27.4,28,25.8,24.2,24.6,25.5,27,28.4,30.2,28.8,28.2,30,27.8,28.3,28.8,28.5,27.8,27.4,28.8,28,28,28.1,28.6,29.2,30.5,30.4
2006,2,30.4,30,30.7,31,30.4,29.8,31.8,32.3,31.8,30.7,31.2,32,32,29.5,29.4,30,29,30,29.6,30.8,30,30,30.4,30.8,30.7,30.8,31.5,31,,,
2006,3,31,32,33.5,32.6,32.6,32.5,32.2,35.5,37,37.4,35,32.5,33.7,33.5,34,32.5,34.6,35.4,33.7,35,32.6,31.8,31.8,32,32.6,33.4,32.5,33,35.8,36.8,32.6
2006,4,32.5,32.6,32.5,32.6,32.8,33,33.1,33.5,33.2,33.4,33.2,33.5,34,34.2,33.6,34,34,32.6,32.8,34.8,35,33.8,33.9,33.6,34,33.4,34,34.7,34.2,31.5,
2006,5,33,33.5,34,33.8,34,34,32.5,33.6,32,32,32.4,33,32,33,31.6,32.2,33.6,33.8,34,34.4,34.4,34,34.8,34,32.5,27.7,29.8,29,28.4,30,32
2006,6,31.4,32.1,32,30.8,29,30.8,33,25.3,32,27.1,32.2,32.5,32,29,31.6,32.8,33.4,33.5,33,33,33,32,33,32.5,32.5,33,32.5,33,33.5,33,
2006,7,31.8,31.4,28,30,32.5,32,32.5,28.8,29.5,26.8,28,31.6,31.8,32,30.5,32.8,32.2,30.5,29.8,30,31.5,31,31.3,32,32.4,31,30.5,29.2,29.8,31.5,32
2006,8,32,32.4,33,30,31.5,31.5,30.5,31.8,32.6,33,32.5,32.4,30.5,29,31,30.2,31.6,31.5,31.2,32,27.8,30.5,31.2,30,32,32,33,31.2,30,31,31.5
2006,9,33,31.5,29.5,32,32,32,32.4,32.6,32,32.5,32,32,33.3,33,32.5,33.5,33.5,31.5,28.5,26,28.5,26.5,30.8,31.6,32,32.5,32.2,32.8,32.8,32,
2006,10,32.5,33.5,32.6,32.5,32.5,32.2,32.2,32.8,32.8,32.4,31.8,32.3,26.8,32,32.5,33.2,33.4,33,29.5,29.2,32.9,33,33.4,33.5,33.6,33,32.8,32.8,32.9,33,33.3
2006,11,33.3,34,33.6,33.8,33,32.5,33,26.2,29.2,32.5,29.8,31.8,32.2,32.1,32.5,32.4,32,31.2,30.8,30.7,30.2,31,30.2,30.5,30.5,30,30.4,29.6,29.2,28.8,
2006,12,29,29,27.5,28.2,29,29.2,30.2,30,29.8,29.5,28.8,29,28.5,26.5,27.2,28.4,29,29.2,29.5,31,28.8,29.2,29.5,29,28,28,27.8,28,27,26,25
2007,1,25.7,27,25,25,25.2,28,26.5,25.5,25.2,26.5,27.2,27.2,28,27,26.5,27,22,27,25.7,27,27.4,27.6,27.2,27,28.5,28.4,28,28.5,29.4,25.8,27.5
2007,2,28,28,26.8,27.5,27,27.2,28.6,27.9,29.3,30.8,32.2,29.2,29,22,27,26.4,27.6,28.8,28.5,28.4,28.2,29.1,29,29.4,31,31.8,32,31.6,,,
2007,3,32.5,32.5,31.6,29.5,30.8,31,31.2,30.3,30.8,31.6,33,34,35,33.5,33,32.8,31.2,30.6,31,30.7,30.8,30.6,30.6,31.2,32,33.8,33.7,35.2,34.5,32.5,32
2007,4,31.7,31.8,31.8,32,32,32.5,32.6,32.4,32.2,30.2,29.6,31.2,31.2,32.4,32.4,32.2,32.3,32.5,32.2,32.8,32.7,33,32.4,32.5,33,33,33,31.1,32.7,34.8,
2007,5,35.8,34,33.2,33,34,33.2,33.2,33.4,33,33.5,33.2,34.6,34.5,26.7,32,32,32.5,31.7,32,26,30,31.5,32.2,32.5,32.4,33,34.3,33.8,34.3,34.4,34.5
2007,6,34.3,34.2,34.3,32,33.4,32.3,33.3,33.2,29.5,29.8,29,25.5,32,28,30.5,32.8,33,33.2,33.3,34.5,34.5,34.3,33,33.5,32.5,34.1,34,31.7,26.3,26.4,
2007,7,28.7,28.8,27.5,27.3,28.6,28.7,31.6,31.5,31.3,31.4,31.8,32.5,32.5,34.2,30.6,28.8,30.7,30.5,29.2,30.7,27.5,27.8,28.5,29.8,29.8,29,30,31.7,32,32.8,32.6
2007,8,32.8,32,32.2,33.2,33,32,30,32.3,33.5,32.2,32.1,29,30.2,32,28.8,32.6,30.7,29.3,31.8,32.4,32.6,32.6,30,30.8,30.7,28.5,31,31.5,32,32.2,32.3
2007,9,32,32.8,32.2,31,28.7,28,30.7,29.6,31.4,31.6,29.2,31.3,32,33,33,32.8,33.2,33.7,32.6,33,31.7,28.7,27.2,29,31.5,32.2,32.7,32.3,32.2,30.7,
2007,10,33.4,33,34,34,32.5,31.6,29.5,29.4,29.5,30,31.6,32,32.7,32.5,25,26.4,25.6,30,31.7,31.8,31.8,31.6,32.3,32.7,32.5,32.1,32.5,33.2,33.5,32.5,34.8
2007,11,33.7,32.9,27,32.5,31.8,33,32.8,32.6,31.8,29.3,32,32.5,31.5,25,26.5,30.1,30.3,29.6,31.2,31.2,31.5,32.1,31.2,31.2,31.3,31,30.1,29.3,30,30,
2007,12,29.5,29.5,29.4,29,29.6,30.5,29.7,29,28.2,28,29.4,28.5,29.4,29.4,28,28.4,23.4,26.5,27.4,26,26.5,27.2,27.2,27,27.3,28.3,27.8,27.9,28.8,28.8,28.4
2008,1,28.3,28,28.9,29,28,29,28.6,28.5,28,28.6,29.2,29,28.4,27.6,27.3,27.2,27.6,27.6,28.5,28,27.4,28,30,28.2,27.5,21.4,20,24.3,25,26.8,22.3
2008,2,26,26,24,27.3,30.6,30,29.8,29.5,30,23.3,27,26.5,27.4,27,25.3,26.8,26.9,27.6,27.8,30.2,28.4,29,30,29.5,28.2,28.7,31.4,30.5,31.2,,
2008,3,29,29,28.8,28.7,33.2,29.4,30.3,30.5,32,31.6,30.5,31.8,30.5,30.4,30,35.6,32.4,31.2,31.1,31,31,32,32,32.8,34.5,32.7,32.5,32.6,33.1,32.8,33
2008,4,33.1,33.2,32.9,34.8,34.2,35,35,34.7,34.7,33.7,33,32.9,33.3,33.6,33.5,34,34,34.2,34.5,34.5,34.4,34.8,34.5,34.4,34.2,34.3,34.1,34.8,32,34.8,
2008,5,35.5,35.9,35.6,34.8,34.2,33.5,34.5,35,34.5,35.7,35,35.1,35,35,34.1,32.7,31.4,33.6,32.6,30.9,33,33.5,33.5,33.8,33.5,33,31,30.2,33,34,31.5
2008,6,32.8,34.2,33,32.9,29.8,32.2,32.3,32,30.2,31.4,33,32.8,33,33.5,33.5,28,30,31,31.6,29,32,31.4,32,32.2,32.2,30.2,32,28.3,27,27.5,
2008,7,29.5,26.7,28.7,28.2,27,27.5,27,30.7,31.7,30.6,29.3,30.2,28.2,25,29.4,30.5,30.5,29.4,31,30.4,31.5,31.8,30.8,32.5,32,32,32,30.6,32.6,31.9,30.5
2008,8,32,31,32.4,32.4,28.6,28.2,31.8,33.5,31,31.2,30.2,29,30.5,31.4,30.4,30.1,27,28.4,30.8,30.9,31,32,32.2,31.8,32,31.2,32.8,32.4,30,29.5,29.5
2008,9,32.4,32,32.1,29.4,30.2,32.2,32.5,32.4,33.3,33.6,33.5,34,32.1,32.6,33.5,31,29,33,32.3,32.5,30.5,31.7,31.6,32,31.6,27.8,29.4,29,31,32.2,
2008,10,33,30.4,32.1,32,32.1,32.2,31.5,32,32.1,32.6,34.3,33.4,34,34,35,34.2,34.7,35.1,35,31.6,33.4,33.2,31.5,33,28.2,30.8,30.5,31.5,31,31.7,31.7
2008,11,32.5,32.5,33,27.2,32,32,33,32.6,32.7,32.6,32,31.4,31.2,31,31,31,30.8,30.8,32.5,32.2,31.8,31.5,30.3,30,29.7,29.8,31.8,30.3,30,29.5,
2008,12,30.3,30,29.8,29.5,31,31,30.3,31.3,30,30.5,30.3,30.5,30,29.5,29.2,28.8,28,29,28,28.5,27.5,27,27.5,27.2,26,27,26,26.4,27.1,27.6,28.2
2009,1,28.6,27.8,27.5,27.3,27.5,28.1,30.6,31.8,30.2,30.2,29,29.6,28.4,28.2,27,25.8,28.2,28.3,29.9,28.5,28.8,29.5,27.2,27.5,28,27.7,28.5,29.4,30.5,28.6,29
2009,2,30,29,28.6,29,28.8,32.5,32.3,32,31,31.5,31.2,29,29.8,30.8,31.4,32.2,32,31.6,31.2,32.8,33.3,30.5,29.8,29,30.1,31.1,31,31.5,,,
2009,3,31,33.6,31.2,31,31,31.6,32,32,35,35,33.5,33.5,34.6,32.5,31.7,31.6,33.3,33.6,31.7,32.8,32.7,32.8,34.2,36,34.5,34,32.6,32.6,32.6,32.6,32.8
2009,4,33.2,33,33,33.3,33,33,33.6,33.5,33.5,34.8,34.5,34,34.4,33.8,34,33,27.5,32.6,33,32.8,33.6,33.6,33.5,34,34.6,34.8,33.5,33.5,33.5,34.4,
2009,5,34.2,34,32.5,33.2,34.2,34,34,34,35.6,34.5,35,34.2,35,33.6,34,33.5,34,33,35.3,34.5,35,35,36.3,36.5,28,32.8,34,34.3,34.2,33,29.3
2009,6,29,32.6,33.6,33.6,33,34,31.5,28.8,32.6,33,32.8,34,33.5,34,34,34.8,35,33.8,33,31.5,33.7,35,34.6,34.2,31.1,34,31,30,32,32,
2009,7,32,27.2,32.5,32.5,31,31,30.5,29.6,28.6,30.5,29.5,31.2,32.5,31.8,28,31,32.5,32.8,31.8,32.2,29.5,31.2,31,32.2,32.1,32.7,27,31.5,27,28.4,29.2
2009,8,31.5,31.8,32.8,34,29.5,31.5,30.5,31.2,31,30.2,32,32,32.2,32.5,32,32,32.8,32.5,31,29.5,26.8,27,30.5,32,32.4,29,29.5,32.7,33,32.4,31.7
2009,9,34,33,32.5,31.5,32.5,32,33.5,27,31.8,31.8,32.8,33.1,32.7,32,32,32,35,33,32,31,31.7,31.5,32,32.5,33,34.5,33,33.5,34,33,
2009,10,32.8,32.8,32,32.5,31.8,32.2,32.7,32.5,28.6,32.8,33,32.8,34.6,33,31.6,32,33,33.2,33.6,33.5,32.5,32.5,33.5,33.2,33.5,33.3,33,33,33.5,33.8,33
2009,11,33,34.5,34.5,34.2,30,32.8,33.2,34.2,34,34,33.4,33.4,34.2,34.5,32.5,31.2,32.5,31.5,26,30.5,30,27.7,27.8,28.2,29.7,30.5,30.2,30.2,30.6,30.5,
2009,12,30,29.8,29.5,29.8,29.3,29.5,29,28.7,29,29,27.8,28.2,29,29,28.4,29.3,27,30.5,30.4,30,27.5,27.5,28.4,27,25.4,25.5,25.8,25.7,26,27.5,27.7
2010,1,26.5,25.3,28.5,26.5,24.5,24.8,27,30,29.7,28,27,26,25,27,28,26,22.5,24.5,23.5,23.2,27.3,29.5,30,29.8,29.7,29.6,29.5,28.8,30,27.7,28.5
2010,2,27,28,29.5,30,29,28,29.2,29.5,28.7,31.3,32.5,31.4,31.7,31.8,31.4,31,31.2,30,31.4,30.2,29.3,31.3,32.6,28.8,30,30.4,34,31,,,
2010,3,30.5,30,30.8,30.2,31,30.8,31.6,33.5,36.8,36,36,33.5,33,31.7,31.5,33,36.5,37,37,34.2,35,32.5,32,33,33,32.7,33,32.8,30,32.7,31.5
2010,4,32,33,32.5,33.2,33.3,33.2,33.7,34,34.4,33.8,33.7,34,34,34,34.4,34.8,34.4,34,34,33,34.2,34.4,35,34.6,35,35,35,34.5,35,35,
2010,5,35,35.5,35.8,35.5,34.5,34.5,35,35,35,34.2,35,35.5,35.5,35.8,35.6,35.8,35.5,36,35,28,31.5,27.7,30.5,27.2,33.5,34,32.3,31.8,33,32.8,32.8
2010,6,33,33.5,34,33.5,32.8,33.5,33.8,34,34,32.5,34,32.4,32.5,27.4,26.3,31,31.8,31.5,30.6,31.7,32.5,31.8,33,33.5,31.8,30.5,32,33.5,32.5,32.5,
2010,7,33.4,33,33,32.6,30.7,32.7,33,33,31,30.5,30,28.2,30.4,32.5,33,33.1,34,32,31.7,33,32.8,32,32,30.2,27,30.2,32.5,33.5,33.2,30.5,30.5
2010,8,31.5,32.5,32.5,33,31.5,33,33,33,33.7,33,33,33,32,30.7,32,32.5,31.2,32,30,32.5,32.8,33,33.5,31.8,33,32.5,31.5,31.8,32.6,31.5,32
2010,9,33,33,32,33,32.8,33,33.5,33,33,32.5,31,31.5,28,29.8,31,32.5,32.5,32.7,32.2,31.8,32,32.8,32.7,32.1,28.5,32.2,32.7,33,33.5,33.2,
2010,10,33.7,35,35,36,32,25.1,26,28.2,30.4,30.6,32.1,33.2,33.5,33.5,33.2,33,33.5,33.5,33,33.8,33.5,32,32,32,32.4,32.8,33,32.3,32,33.5,33
2010,11,32.7,32,32.5,33,33,33,33.5,33,32.4,32.5,31.5,31,31.2,32.4,32.7,32,31,31,32,32,31,30.2,30,30,30.7,31.2,31.5,31.2,31.8,30,
2010,12,29,30,30.5,31.4,33,31.7,31.7,33,27.7,28.5,28.5,28.5,28,27.7,27,27,27,27.5,28,28,26.5,26,26.4,27,26.6,26,26.5,27.4,27.3,28.5,29
2011,1,28.2,27.8,25.5,24.5,25.4,23.4,27,29,30,26.2,23.2,23.4,23.2,24.8,27.3,28.4,25.8,24,26.7,27.5,27.2,25.5,27.2,28.4,29,30,31,29.8,27.3,28.6,30.2
2011,2,29.2,28.5,29.7,29.5,31.5,30.3,29.5,29,30,32.5,30,31.3,28.8,29.2,28.5,29,29.4,28,31.5,32.5,31,30,31,31,31.5,32,32.5,31.6,,,
2011,3,31.3,33,34,34.4,33.7,33,34.2,32,34,35,32.5,34.2,33,33.5,33,31,29.8,30,30,30,31.2,32,31.2,31.5,32,31.7,32.3,32,31.7,31.7,31.2
2011,4,31.4,32.2,32.5,32,33.4,34,34.5,33.3,32.8,32.4,32.5,33.2,33,33.5,33.5,34.2,33.6,33.4,33.5,34.5,34.2,34.7,33,32,33.6,32.2,28.8,31.5,32,33,
2011,5,32.5,32.6,33,32.8,32.5,32.2,32.4,32.7,33.5,33.5,33.4,34,34,33.5,34,34.5,34.2,33,30.4,33,33.5,29.5,30.6,33.6,32.5,32.5,31,33.4,30.5,27,32.4
2011,6,33,33.4,33.4,34,33.6,34,34,30.2,28.4,31.6,32.5,33.4,33,31.5,32.5,28.8,29.5,26,32.5,31.5,31.5,29.4,32,31.5,30.6,27.5,30.5,29.5,29.5,29.5,
2011,7,28,30,26.4,31.4,32.5,32,32.6,32.1,32.6,32,32.7,33.3,33,32.2,32.5,31.6,29.7,30,27.5,27.2,26.7,30,28.3,32,32,32.3,32.5,33,33.5,33,33.3
2011,8,32.5,30.5,32.2,30.2,31.5,27.5,26.2,26.3,28.5,27,30,32,32,31.5,32.2,32,31,31,31.2,31,31.5,31.3,31.2,30.5,31.5,32,30.5,33.8,33.5,33,31.8
2011,9,31.4,30.5,31.5,31.3,32.2,31,29,27.5,29,32,32,33.5,30.5,31.2,29,28.7,30.5,31.5,31.6,32.8,30,32.2,30.6,30.2,31.8,31.8,32,32.2,32.8,31.7,
2011,10,31,31.8,31,31.8,32.5,32.3,32.5,32.8,33,33.5,33.8,34,34.3,34,33.5,34,32.2,29.3,25,30.5,31.8,30.5,31,32.8,33.2,33,32,32.3,32.2,32,31.5
2011,11,31,30.8,30,30,30,30,30,30,31,31,31.5,31,31.5,31.7,31.7,31,30.5,30,30.3,30.5,31.5,31.4,32.2,32.5,32.1,31.3,30,29.5,29.3,28.5,
2011,12,30,30,29,29.2,29.5,30,32,32.2,31,30.2,30,30,29,27.8,26.5,26.6,26.7,24.5,25,24.2,23.5,22,21,19.7,24.4,30,29.4,23.7,27.5,30,30.8
2012,1,31.2,28,29,30,29.5,29.4,28.5,29.4,29.2,29.5,27.5,25.5,22.8,23,25.5,25,28,28,27.5,27.2,27,26,25.6,26.6,27,28,27.8,28.5,28,27.7,29
2012,2,28.5,27.5,27,29,30.5,31.5,30.3,31,30.5,28,28.5,28.2,29.5,31,32.8,32.2,32,32.5,31.2,31,29.5,29,30.8,32.5,34,33,31.2,31.5,30,,
2012,3,30.5,27,22.5,29.5,30,30,30,30.5,30,32,34.4,34.5,32,33,32.8,33,32.6,31,31,31.2,31.8,31.5,31.4,32.1,31.7,31.5,31.5,31.5,31.8,32,33.2
2012,4,35,32.5,32.5,32.7,32.5,33.8,33,32.4,31,32,32,32,32,32.5,32.2,32.8,33,32.8,32,32.5,33,33.2,34,33.8,33.8,33.8,34,34,31.2,32.3,
2012,5,31.5,32.2,33,32.2,33.6,35,33.6,33.2,33.2,33.5,34,33.6,32.8,33.8,34,28.5,34,34,34.3,34,34,34.7,34.3,34.5,35,35.5,34.6,31.8,34.5,32.8,33.2
2012,6,31,33,34.8,34,31,34.2,34.4,34.5,33.3,31.5,33.5,33.5,33.5,28.6,28,30,32.6,32.5,31.8,33,32.2,31,31,26.8,28.2,28,31.6,33.3,33.2,32.2,
2012,7,33.5,31,32.2,31.6,32.5,31.5,31,31.2,32.5,30.8,29.2,31.8,31.5,30.8,32.5,29.2,30,28.5,30.2,32.8,30.5,31.3,31.8,31.7,30.6,28,28.5,28.4,26.5,26.4,28
2012,8,29.5,31,33,31,28.5,31.5,30.3,30,31.5,30.5,31.2,28.3,27.7,31.4,31.5,32,32,32.5,31.5,30.5,31.5,32.5,31.5,32.8,32.5,32.3,33.6,32.8,32.8,33,33
2012,9,31.8,33.2,32.5,28,32.4,32.5,33.3,32,29,31.5,30.5,32,28.2,31.8,32,32.8,32.2,32.2,32.4,32.5,32.7,32.8,33,32.8,33,33.4,33.6,33.8,33.6,33.6,
2012,10,33.2,32,30.3,32,30,32.8,33.7,33.2,33.6,29.5,27.2,29.7,31.8,32,32.5,33,33.3,33.8,33,33.5,34,34.3,33.5,33.5,32,32.7,31,32.5,33.4,33.5,33.5
2012,11,33.5,33.6,32.3,29.8,32.2,32.5,32.5,31.5,31,30.4,29.7,29.6,31,30.2,29.8,27.5,31,32.2,33.3,33.4,31.8,31,29.5,29,29,28,28.5,27.8,28.2,28.5,
2012,12,30.4,29.4,29.7,29.2,29.5,28.6,28.5,27.6,27.6,29,28.7,29.1,29.2,29.5,29,28.2,27.2,27.3,26.5,27,26,25.4,24,28,25,23,24,24.5,23.4,24.3,25.8
2013,1,25.7,27.3,24.4,28.5,27.4,28,28,26.5,22,22.6,23.5,23.3,25,27,27,27.8,29.2,32,32,31,28,27.2,27.5,27.5,26.5,25,25,26.5,26.5,26.5,27.5
2013,2,27.2,29.5,29.5,30.3,32.2,33.8,33.5,30.6,29.5,28,30.5,27.5,30.2,29,32.4,32.5,30,27.8,28.4,29.5,29.8,31.5,32,32.2,33.5,33.5,31.2,33.2,,,
2013,3,33.3,31.5,32,33.2,34.5,33,32,32.5,31.2,31,30.5,30.5,30.6,31,32.5,31.5,31.2,32,32,32,32.8,32,32,33,32.4,32,33,32.8,33.2,35,33.5
2013,4,33,33.5,34.5,34.4,34,34.5,33.5,33.7,33.5,34,33.5,33.5,33.5,34,34,34,34,34,33.5,33.5,34.5,33.7,33,35,34.5,33.7,33,33.2,33.5,33.8,
2013,5,34,34.3,34,33.2,32,33.5,31.5,31,32.5,33.2,33,33.2,34.5,29,33.5,30.6,34.5,33,33.5,33.3,26.5,33.5,33,27.6,25.2,31,29.5,31.6,27.5,31,32.5
2013,6,33,33,31,33.5,33.8,30.5,33,32.5,32.2,32.5,32.6,33.4,33.6,32.5,34.2,34.5,34.5,35,34,34.5,34.5,33.2,34,34.5,29,30.8,29.5,27.3,26.5,29.2,
2013,7,32,31.5,31,29.2,31.5,32,32.4,33,31.7,32.8,32.5,31,30,31.8,33,31.5,33,32,32.4,32.5,33,34,33.5,32.5,32,29.5,30,29.5,30,30,30
2013,8,30,31,31.3,32,32.5,32.6,33.5,33.5,32.5,32.2,32.2,32.4,30.7,32.8,32.8,32.6,26.5,27.5,27,27.5,31.5,31.3,32,32,31.8,30.7,28,31,32,32,32.2
2013,9,32,30.5,31.2,31,31,31.2,31,31.3,29.2,31.5,32.5,34.2,32,31,32.2,32.5,33.2,31,32,32.3,32.5,32.5,33,33,33,33.2,32.2,32,30,33.5,
2013,10,33,32.7,32.5,30,29.6,27.5,31,32.8,33,34,34.2,33,32.4,32.2,32.2,32.5,33,34,31,31.5,30.5,29,29,31.5,28,26,28.5,30.5,30.5,31.4,32
2013,11,30.5,30.5,31,31,31,30.8,31.6,31.5,31.2,32,31,31.5,31.5,32,31.7,32.6,32.5,32.5,31.5,30.2,30,32.5,31,29.8,30,30,31.5,31.5,31.7,30.4,
2013,12,29.5,30.7,29.8,30.2,30.2,30,30,30,29.5,28.5,31,29,29.5,29.5,27,28.5,28,27.5,27.2,27,28,28.5,27.8,28,27.4,24.8,25.2,25.5,27.5,28,26
2014,1,26.5,29,28.5,24.5,26,27.2,27.8,26.5,27.3,28,28.7,28.5,28,27.6,26,25,26,28.2,28,29.1,27.5,29.8,30,29,29.3,27.6,27.2,25.5,28,30.5,30
2014,2,28.2,28.4,29.3,29.2,29,30.8,31,29,28.6,29.7,29.2,29.8,30,31,28.8,29,21,25.4,27.3,30.4,30.2,30.3,31,31,31,31,31.3,30.7,,,
2014,3,31,32,31,30.5,31,31.2,31.5,32,32.4,32.4,33,33,33.2,34.4,34.5,34.8,35,33,31,32.5,31,31.8,31,31.8,32,32.2,33,32.8,32.2,33.5,32.6
2014,4,32.8,33,33,34.5,33.2,32.2,33.2,33,33.5,34.5,34.4,35,36.6,36.5,35.8,35.7,33.5,33.7,36.3,37.2,38,39.5,37.7,36,34.5,35,35,34.5,35,34.5,
2014,5,34.5,35,34,34.1,34.2,35.3,34.8,34.9,34.7,34.3,32.5,34.1,34.5,35.2,35,35.2,35,35.2,35.5,34.8,35,35,35,34.2,34.8,34.5,34.7,33.7,34.8,34.9,34.5
2014,6,34.4,34.3,30.8,34.3,34.8,34.6,34.5,34.2,34.5,34.5,35,35.2,35.5,35.5,31.8,32.5,34,33,28,29.2,29,28.2,29.8,31.5,32.6,30,33,33,29,32,
2014,7,31.5,28.5,29.8,27,32.8,33,33.2,33.5,33.5,34,33.5,34.2,34.4,34,32.2,29,27,31,31.5,28.5,27.5,30.7,30.5,31.5,32.4,33,33.5,32,33,32.5,30.8
2014,8,32,33,29.5,29,31.5,31.3,31,30.5,31,31.7,31.7,32.4,31,30.8,29,27.5,29,30.7,30.4,28,29.8,30.5,30.5,32,32.4,31.4,32.5,32.5,32.6,31.6,29.4
2014,9,29.5,31.8,32,31.8,32,32.5,32.7,30.5,32.5,32.5,32.5,32.5,32.5,33,32.5,33,33.5,34,30.7,29,32,32,27.8,27.8,31.5,31.8,32,34,34,34.7,
2014,10,33.8,33,33.2,34,34,34.4,34.8,34.5,34.8,34.5,32.5,33.6,33,33,33.2,34,34,33.4,32.2,32.1,33,33.8,33,33.2,33.3,33,33.2,28.5,30.8,30.5,32.5
2014,11,34,33.5,34,33.8,33.5,33,33.3,30.8,33.2,33,33.7,33.3,33,32.2,30.8,30.6,30.3,30.3,31,31.2,30,30.2,30.2,30,30,29.8,29.2,29.8,29.4,29.4,
2014,12,29.5,29.7,29.6,29.8,29.5,29,29.5,29.5,28.3,28.2,29.4,26,29.6,30,29.8,30.5,28.4,26.4,29.2,29.7,29.5,29.7,28.7,30,30,27.5,25,25.2,28.5,26,23
2015,1,24.2,30.6,30.7,29.8,27.5,29,28.8,25.2,24.5,25.5,26.4,25.4,28.4,29.4,29.5,27.5,28.8,25.2,24.2,24,25.4,25.8,26.7,28,28,27.4,29.5,29.7,29.8,29,27.8
2015,2,26,27.8,27.8,31.5,32,31.6,26.6,29,31.5,30.5,29.4,29.4,27.8,27.6,28.4,29.8,30.2,30.4,29,30.7,30.8,31.4,29,29.8,29.6,29.4,29.2,29.5,,,
2015,3,31.2,31.8,32.8,30.8,30,30,31,31.9,33.2,34.5,34.5,33.3,33,34.2,34,35.6,36,34,37,34.5,34.5,33.4,31.5,31.2,31,30.8,31.5,31,32,31.6,32
2015,4,32.6,32,31,32.5,32,32.6,33,35,33.8,33.5,33.7,35.5,35,34,34.6,35.2,35,34,33.5,34.2,33.5,32.5,30.2,29.5,28.8,30,32,32,32.5,33.3,
2015,5,31.7,33.5,34.6,34,34.2,34.4,33.5,34.3,33.2,34.5,35,34,35,34.5,35,34.8,35.3,30.7,33,34.5,35,33.5,33,28,31.5,33.2,33.5,33.8,34,34.4,35
2015,6,34,34.8,36,34.2,34,31.5,29.5,29.5,30,32,32.5,30.5,31,30.8,31.2,29,32.5,32.5,34.2,32,31.5,28,29,27.2,26.7,26.6,25.3,29.5,31,30,
2015,7,27.5,27,29,31.4,32,33.5,32.5,28,29,31.5,32,31.4,32.5,33,32.2,31.5,30.2,29,27.5,31,30.5,30,31,27.5,26.5,26,28,27.5,27.2,26.5,27
2015,8,27,30,31,31,30,32,32,31.8,32.2,33,34,31.5,32.5,31,30.5,30,29,30,30.4,30,29.8,31.7,30.2,31.4,31,32.5,32,31.6,31,29,29.5
2015,9,27.8,27,28.5,31,31.5,31.7,31.5,31.8,32.5,33,33.2,33.6,32.5,32.5,32.2,32.5,34.3,34.4,29,32,31.6,32.4,31,28,32.4,33.5,33.5,34.2,34.8,34,
2015,10,33.5,31.8,33,33.8,32,32,30.4,28,31.8,31.8,31.8,29.5,31.2,31.2,29.5,33,33,32.5,33,32.8,33,32.8,33.1,32.2,32.5,33,33.3,32.5,33,26,23.2
2015,11,23.5,28,31,32,32.4,32,31.5,31.3,31.2,29.2,30,30,30.5,31,30,30.2,29.8,25,30.5,32,32,32,31.6,30.6,29.5,30.5,30,29.4,30,29.7,
2015,12,29.5,27.6,25.7,29,28.2,29,29.2,28.5,28,28,27.2,28,28.8,29.4,26,26.2,26,20.5,25.5,25,25.6,26.4,27.5,27,27,24.6,25.8,25,25,26.4,25.4
2016,1,26.2,28.2,26.2,26.6,27,26,27.2,27.1,27.4,27.8,26,26.5,26,25.2,26.2,26.5,27.8,26.5,27.4,28.5,21.5,25,23,24.6,25.8,25,25.5,25.2,27.7,27.7,27
2016,2,28.4,28,30,30,28,29,30.4,28.5,28.2,28,28.8,29,31,30.2,32.5,34,34,33.8,32.8,30,30.5,29.5,30.2,30,26.7,31,31,31,33,,
2016,3,32.1,33,33,31.2,32,34.2,34.2,32,33,32.6,33,32.8,32,35.3,36.2,34,34,34.5,32.4,32,33,32,33,33,34.2,33,31.7,31.2,31.6,32,32.5
2016,4,26,31.7,32,30.5,31.5,32.2,32,32.8,33,32.6,33,32.2,32.7,33,33.5,33,33.4,32.5,33.2,32.6,32.4,33,32.2,32.7,33.7,34.4,34.5,34.6,33.7,34,
2016,5,34,32.5,33.4,34,32,33,34,34.4,33.7,34.5,35.2,35.2,34.4,34.2,34,36.2,34.5,33.8,27,26.7,29,32.2,30.2,32.5,32.7,32.5,33,32.7,33.1,32.8,33.4
2016,6,33,33.4,33.4,33.2,33.2,33.4,32.2,30.5,28.2,30,27.4,26.8,30.5,31.5,31.8,31.8,32.5,32.5,31.5,32.8,32.4,33.4,33,33.5,33.7,33.5,32.8,33.7,33,32,
2016,7,31.7,29,28.3,30.7,28.5,26.5,31.2,30.8,30.2,27.6,27,30.6,28.2,29.7,31,29.7,29.5,30.2,31,30,30.5,31,30.7,31,27.5,31,32,32.2,32.5,33.3,33
2016,8,31.5,32.4,32.8,33,30.5,31.4,30.2,29.5,26.4,28.6,30,31,30.8,31.2,31,31,31.2,31.2,32.5,30.5,26,31.2,32.6,31.4,32.5,33.5,32,32.5,33.2,31.2,31
2016,9,31,29.2,30.2,30.4,30.8,31.2,30.8,31.7,32,32,32,31,30,32,33,31.7,30.2,32,32.2,30.6,32.5,33,32,32,33,33.6,31.5,31.6,34.2,33.8,
2016,10,32.8,33.4,31,31.5,30.8,32.6,33,31.7,32,26,30,25.8,30,30.8,33.6,33.5,34,32.8,33.2,33.5,33,33.5,32.8,33.2,33.8,32.4,32.6,31.6,28.7,32.2,33.4
2016,11,33.2,33.8,34,28.2,29,32,31,30,30.7,31.2,30.7,30.8,30.6,30.4,31,31.7,31.8,30,30,29,29.2,28.6,28.2,29.4,28,28.4,28.2,31.2,29,30.2,
2016,12,31.5,32.2,30.7,30.5,32.2,32.5,32,30,30.2,30.5,30.2,31,28.5,28.5,27.7,28,27.5,29.2,28,26.2,26,28.2,27.3,28,29,29,28.2,30,28.3,29.5,28.7
2017,1,29.3,30,29.1,29,27.2,28,27.6,28.2,28.5,29,27.3,26.5,24.5,25,25.2,26.8,27.5,27.6,28.5,28.7,28.6,31.2,28.2,30.2,30.6,30.5,28.2,29.1,27.2,27.2,27.5
2017,2,29.4,29.8,27.4,30.2,32.7,28.5,28.7,30.4,30.5,31,32.2,32.2,31.5,32,31.5,32,30.3,30.6,30,29,29.2,29.7,29.2,30.6,31.8,31.5,30.5,32.5,,,
2017,3,33,33,31,31.5,30.1,30.2,30.4,30.5,30,29.5,29.7,26,30.8,30.7,31.4,30.5,31,30,30,25.2,29.2,31,31,30.7,30.5,30,30.3,30.6,30.5,30.5,31
2017,4,31.2,30.8,31.6,30.6,30,31.2,32.8,33.2,33.1,33.2,33,33.2,33.7,32.3,31.7,32.8,32.5,31.8,32.2,29.8,29.6,29.7,29.5,29.4,30.6,31.7,32,32,33,32.4,
2017,5,33.4,33.5,33.5,33.5,33.1,32.4,32.5,33.2,33.6,34.2,34.4,34.7,34,34.5,33.2,31.5,32.3,32.3,34,34.2,34.2,35,35.2,36,36,35.8,35.5,36.4,29.5,30,31.8
2017,6,32.8,31.6,32.7,33,32.2,33.8,34.2,32.6,33.5,33.7,29.6,28.4,30.8,31,29.8,29.4,32.2,32.5,31,30,28,31.5,32,32.8,32.8,32,31.6,32.2,32,30.2,
2017,7,31,30.7,27.4,29.4,27.4,28,28.8,31.2,31,30.2,31,30.4,31.6,32.2,32.3,33.2,32.2,31.8,27.6,29.5,27.4,29.5,28.3,27.8,27.7,30.5,31.2,32.8,31.6,31.4,32.2
2017,8,29.4,31.2,32,30.4,31.6,31.5,31.8,30.8,31,28.8,29.5,28,28.8,29,30.1,30.5,30.2,32.2,32,32,33,31.2,31.6,32.2,32.2,29.4,33.1,33,32,31,31.1
2017,9,30,31,29,31.5,33.2,31.4,31.8,28.7,31,29.5,32,30,31.5,31.8,33,34,27.4,31.5,29.5,28,32.2,33.4,34,32.5,34.4,33.5,31.4,29.8,31.8,32,
2017,10,33,33,33.4,35.2,33,31.4,30.5,29.8,31.5,32.6,34,30.3,32.5,33.7,34.3,34.7,33,32.3,32.7,28.5,29,30,31.8,32.2,31.8,32.2,33,30.2,29,25.5,26.4
2017,11,26.4,28.8,32.5,33,32.5,32.6,32.8,32.7,32,32.2,33.8,33.3,33.5,33.8,31.2,31.4,28.8,33.2,32,31.5,31,29,29.5,29.7,31.2,30,29.2,28.4,28.2,28,
2017,12,29.7,30.5,28.8,28.5,28.2,27.3,30.2,29.4,28,30,26.4,28.7,29,29.5,29.6,27.8,28.5,29.7,29.6,28.3,29,29,29,27.3,28.2,28,28.6,30,30.2,31.3,27.3
2018,1,23.8,24.8,25.2,25.8,27,26,24.4,24.5,24,25,24,23.5,25.7,24.8,23.5,24.4,26.3,27.8,28.8,28.5,26.8,26.7,27.2,27.8,28,28,26.3,25.5,26.4,26.8,27.2
2018,2,27,27.5,28.2,27,29.3,27.6,27.5,27.3,26.8,29.4,30.4,32,31.5,30.5,30,28.5,30.5,30.3,31.5,31,31,30,29.3,32.5,34.3,31,31.5,32.5,,,
2018,3,32,30.6,30,30.1,31,34.3,34.5,34.3,34.7,34,32,32.2,30.8,30.3,31.2,30.5,29,32,33.5,32.7,33,32.7,33.5,32.8,32.8,31.8,32,32.3,32,32,32
2018,4,35,33.3,33.5,32.5,32.5,32.2,33.8,35.5,33.2,33.6,34.2,33.5,34.5,33.8,33.7,35,33.6,32.2,31.5,32.2,32.6,32.7,34.2,34.6,35,33.7,36,33,32.4,32.8,
2018,5,33.3,32.8,32.2,31,32,32.8,32,32.8,33.5,33.4,33.5,31.8,31.7,29.2,31.2,32.8,32.3,32.2,31.6,32.2,32.4,33.7,32.5,32.8,31.7,32.8,34,35.5,32.5,34.2,28.6
2018,6,32.1,32.2,32.2,32,32,34.2,33.3,33.7,32.8,28.4,29.5,28.3,28.6,31.3,31,31.5,32.2,31.8,32.2,32.5,31.7,32,30,30,27.5,30.8,31.4,32,30.8,30.7,
2018,7,31.7,31,30,26,30,31.5,32.2,30.8,31.5,31.7,32.5,32.2,32.2,33.4,31,30.2,29,31.5,34.7,32.2,31.8,30.7,31.8,28.8,28,28.1,28.2,27.8,30.7,30.4,31
2018,8,28.3,31.3,31,31,31.4,32.5,32.3,32,32.2,31.6,32,32.4,32.3,33,32.3,33,31.7,31.5,32.7,31.3,30.5,31.2,32.7,31.7,32.6,31.3,31.5,30.2,31.2,29.5,31
2018,9,28,31.8,31.8,30.5,32,32.5,31.6,31.2,31.5,30.2,31.5,30.6,31.5,32.2,33,34.2,35.2,34.4,34.2,33.8,32,31.2,33.3,33.2,32.6,32.7,31.8,33.2,34,33.2,
2018,10,32.2,31.2,33.2,33.5,34.1,32.6,33,31.7,26.8,26.6,24.4,25.2,26,29,31.6,31.5,31.8,31.5,31.4,32.5,32,32.2,32.3,32.3,31.7,32.7,32,30.5,25,24.2,28.2
2018,11,32.5,32.2,31.3,31,31,31.5,31.4,30.5,29.3,30,30.2,31.4,30.5,30,30.5,31.6,31.5,31,30.2,29.1,29.8,29.2,29.7,28.8,29.7,29.7,31.3,31.2,31.8,31.6,
2018,12,30.2,29,28,27.8,28.2,27.5,27.4,27.7,28,28.4,29.5,30.7,30.8,28.8,24,31.4,30,27.8,24.4,23.5,25.8,26.7,26.8,27.3,26.1,26.2,25.7,25.2,23.5,26.4,27.4
2019,1,28.6,28,29,26.7,27.2,28.8,28.5,28,28,26.2,26,27.7,28,26.2,27,25,28.3,28.5,26.7,27.2,28.8,30.7,30.6,29.8,31,32.6,30.7,30,25.8,26,29
2019,2,29,29.5,29.2,29,28.2,29,30.2,31.5,31.3,28,27.2,29.8,30.8,32.5,31.2,30,26.8,28,28.5,29,30,31.5,30.4,30,28.8,30.2,32.2,27,,,
2019,3,29.8,28.7,30,31,27.5,25.3,28,30.3,29,28,31.3,30.7,32.2,32,34.7,34.4,33.8,32.7,31.6,31.8,30.8,31.2,31.4,32,34,32.8,35.3,34.2,33.5,31.2,30.7
2019,4,30.8,31.2,32.8,32,31.2,33,32,32.2,31.5,31.5,33.6,32.5,33.5,33.2,33.5,32.2,34.8,36,35.8,36,35.6,37.2,37,36.5,36.2,35,34,33.6,34.2,34.5,
2019,5,34.5,34.5,34.4,33,34.7,34,34.3,33.8,33.7,34,35,35,35,35,33.8,34,34.5,34.7,35.2,35.2,35.7,35.3,33.7,33.7,27.7,32.8,34,35,35,35,34.5
2019,6,34.8,35,32.2,33,29,30.2,29,29.5,29.7,32.5,34.2,34.2,31.5,32.6,32.5,32.5,33.5,33,32.5,33.2,33,32.8,33,33.5,34.5,33.2,31,33.2,34,35,
2019,7,31,31.8,31.5,30,30.5,29.5,29.8,30.2,29.5,30.5,32,31.5,30,29,32,31.5,32.5,32.5,32.3,32.2,33,31.5,32,31.5,30,30.5,31,30.5,31,30.5,30
2019,8,31,31,31,33,34.4,31.5,30.5,30.8,30.5,32.7,33.5,31,29.5,30.5,31.7,27,30.7,31,31.8,32,33,32,32,27.2,32.4,31.7,31.6,31.3,32.8,33.4,34
2019,9,31.2,31.5,31.4,32,31,31,28.4,27.5,31,27,27.5,28,30,31,32.4,32.5,33.8,33.5,34.5,33.5,33.4,33.5,33.5,33,33,32.2,33.7,33.5,30.3,29,
2019,10,25.3,30.8,31.5,32.7,32,31.3,32,32.8,32.5,26.5,27,31.7,32.5,34,33,33.7,33.5,35,34.5,34.5,34,34,34.3,34.5,32.8,33,33.7,33.5,33,32.5,32.5
2019,11,32.3,33,33.3,33,33.4,33.5,34,30,26.5,28,30.5,30.6,31,32.8,33,33.2,31.2,30.1,30.5,30.5,30,30.5,29,29.7,30.5,32,30.8,32.4,32.2,31.6,
2019,12,30.5,28.2,28,27.7,29.5,31.5,30.5,30,29,28.7,27,29.2,30,30.5,29.8,29,29,27,24.5,23.2,25.2,24,27,27.8,24.4,26.8,27.2,23.4,23.8,25,29.3
2020,1,24,25,25.7,23,26,24.5,25.2,26,27.6,27,24,22.5,24,26,27.7,29.4,31,30,30.2,29,26.6,26.4,28.3,26.8,25.5,25.6,25.6,26.2,25.5,28.8,27.5
2020,2,26,26.8,25.8,25.5,26.5,28,27.2,27.7,27.2,28,27.8,29,27.3,26.2,27,27,30.2,30,30.3,30,33,30,30.3,30.4,28.1,28,28.3,30.2,31,,
2020,3,28.8,28.5,30.4,31.7,31.5,28.8,31.5,31.7,31.4,31,32.5,33.5,35.7,35.3,35,34.2,35,35,34.2,33.3,31,31,32.4,32,32.3,32.5,32.5,34.5,35.2,36.5,36
2020,4,34.5,32.7,32.3,33.5,32,33,32.8,32.6,32.8,33,34,33.8,34,34.5,33.5,33.3,33,33.2,34.2,34,33.5,33.5,34,33.5,32,31.8,32,32.4,31.5,31.8,
2020,5,32.5,32.2,31.8,32,33.5,32.5,33.7,34.2,35.5,34.8,36.3,33,35,34.4,33.8,34.8,34.8,34.5,35.5,31,32,32.8,33.5,32.6,32.5,32.5,33,30,31,31.6,32.5
2020,6,33,32.5,31.4,32.3,33.3,33.7,32,32.5,33,33,32,32,32.5,32,31.5,30.2,27.4,27,31.5,30.2,29.2,31.7,32.2,32.5,32.4,31.7,30.6,28.8,31.2,32,
2020,7,32.4,31.5,32.4,32.7,28.5,31,31.5,31.5,28.5,30.8,32.2,30.2,28,30.8,32.2,32,32.5,30,29,29.7,28.5,30.5,30.4,31.4,33.5,33.6,33,32.2,31.3,31.2,32.2
2020,8,33.8,33,33.3,32.5,31.5,30,28.5,31.7,31,33,29.5,32.4,34,33.2,29.5,29,31,27,25.6,27,32,27,29,31,29,29.8,30,32,32.5,32.5,32
2020,9,31,32,32.8,33.5,33.7,32.6,33,34.2,32.5,31,32,33.8,32,32.5,31.7,32.8,33.8,34.5,34.7,33,30,28.4,31.3,31.5,30.5,32,32,34,33.5,33.7,
2020,10,32,33.4,33.5,33,31.5,32.5,33,34,35.2,35.3,34.2,35.5,34.2,34.5,34,34.4,31.7,34.5,34.5,33.2,30,25.5,27.5,29.1,32,32.8,33.5,33.3,34,33.6,31.3
2020,11,26,28.5,31,25.2,31.4,30.5,31,32.8,34,34.4,33.5,33.4,33,32.5,32.7,33.5,31.5,31,30,31.5,31.5,29.7,29.2,28.5,30.8,31.5,32.2,31.5,32.6,32.4,
2020,12,32.4,31,30,29.5,29.2,29.3,29.2,28.8,27.4,27.3,27.5,26.7,27,28.6,29.3,28.5,29.5,28.3,26.3,26.5,27.5,26.2,26,27,28.3,27,26.7,27,26.6,26.7,27.6
